timestamp_utc,annotator,pair_key,id_query,id_dataset,main_resource,scope,supporting_field,quote,reason,relevance,notes
2026-09-07T14:24:11.728254+00:00,humano_1,123||ea0042931-precio-final-horas-provisionales-2020,123,ea0042931-precio-final-horas-provisionales-2020,dana,,,,unrelated,false,
2026-09-07T14:24:22.892768+00:00,humano_1,68||a04003003-distritos-censales1,68,a04003003-distritos-censales1,ayuntamiento,,,,unrelated,false,
2026-09-07T14:26:02.974102+00:00,humano_1,10||a06004074-censo-de-ganado2,10,a06004074-censo-de-ganado2,población,,title,Censo de Ganado,subtype,true,
2026-09-07T14:26:17.488970+00:00,humano_1,150||l01280148-subvenciones-2022,150,l01280148-subvenciones-2022,Subvenciones,,title,Subvenciones 2022,direct_match,true,
2026-09-07T14:26:27.744548+00:00,humano_1,11||a04003003-zonas-interes-minero1,11,a04003003-zonas-interes-minero1,multa,,,,unrelated,false,
2026-09-07T14:26:46.357897+00:00,humano_1,54||l01140060-gestion-de-residuos-epremasa1,54,l01140060-gestion-de-residuos-epremasa1,residuo,,title,Gestión de residuos EPREMASA,subtype,true,
2026-09-07T14:27:06.234063+00:00,humano_1,47||l01140517-callejero1,47,l01140517-callejero1,callejero,,title,Callejero,direct_match,true,
2026-09-07T14:27:26.433185+00:00,humano_1,4||l01280148-cartas-de-servicios1,4,l01280148-cartas-de-servicios1,empresa,,,,unrelated,false,
2026-09-07T14:27:45.549978+00:00,humano_1,84||a05003423-estancias-causadas-en-hospitales-de-canarias-segun-comunidades-y-provincias-de-residencia-2014,84,a05003423-estancias-causadas-en-hospitales-de-canarias-segun-comunidades-y-provincias-de-residencia-2014,cnae,,,,unrelated,false,
2026-09-07T14:28:02.185267+00:00,humano_1,37||a09002970-instalacion-de-produccion-de-energia-electrica-datos-individualizados,37,a09002970-instalacion-de-produccion-de-energia-electrica-datos-individualizados,energia,,title,Instalación de producción de energía eléctrica,subtype,true,
2026-09-07T14:28:53.177723+00:00,humano_1,140||a02002834-carreteras-informacion-geografica1,140,a02002834-carreteras-informacion-geografica1,cartografia,,title,Carreteras: información geográfica,subtype,true,
2026-09-07T14:29:23.080971+00:00,humano_1,113||l01140673-consumo-electrico-municipal,113,l01140673-consumo-electrico-municipal,electricidad,,title,Consumo eléctrico municipal,direct_match,true,
2026-09-07T14:29:33.126326+00:00,humano_1,53||a04003003-puntos-limpio,53,a04003003-puntos-limpio,futbol,,,,unrelated,false,
2026-09-07T14:30:46.584407+00:00,humano_1,103||turismo-visitas-concertadas,103,turismo-visitas-concertadas,bienes culturales,,,,insufficient_evidence,false,
2026-09-07T14:31:01.102851+00:00,humano_1,38||l01280148-bienestar-social-emergencia-social,38,l01280148-bienestar-social-emergencia-social,catastro,,,,unrelated,false,
2026-09-07T14:31:15.872197+00:00,humano_1,45||a04003003-estaciones-bombeo-abastecimiento-abaqua1,45,a04003003-estaciones-bombeo-abastecimiento-abaqua1,incendios,,title,Estaciones Bombeo,subtype,true,
2026-09-07T14:31:43.431645+00:00,humano_1,73||l01140121-alojamientos-de-turismo1,73,l01140121-alojamientos-de-turismo1,hotel,,description,Hoteles y pensiones,direct_match,true,
2026-09-07T14:32:29.223566+00:00,humano_1,100||ea0010587-emigraciones-de-extranjeros-al-extranjero-clasificadas-por-pais-de-destino-y-grupos-de-edad-identificador-api-t20-p307-a2007-l0-020922-px,100,ea0010587-emigraciones-de-extranjeros-al-extranjero-clasificadas-por-pais-de-destino-y-grupos-de-edad-identificador-api-t20-p307-a2007-l0-020922-px,inmigracion,,title,Emigraciones de extranjeros al extranjero,subtype,true,
2026-09-07T14:32:54.020024+00:00,humano_1,94||u01200001-estudiantes-matriculados-por-residencia-familiar-grado-2024-2025,94,u01200001-estudiantes-matriculados-por-residencia-familiar-grado-2024-2025,colegio,,,,insufficient_evidence,false,
2026-09-07T14:33:47.803579+00:00,humano_1,46||l02000014-gestion-de-residuos-epremasa1,46,l02000014-gestion-de-residuos-epremasa1,calidad del aire,,,,unrelated,false,
2026-09-07T14:34:04.120560+00:00,humano_1,16||ea0010587-usos-del-agua-reutilizada-por-comunidades-y-ciudades-autonomas-tipo-de-uso-y-periodo-identificador-api-53452,16,ea0010587-usos-del-agua-reutilizada-por-comunidades-y-ciudades-autonomas-tipo-de-uso-y-periodo-identificador-api-53452,agua,,title,Usos del agua reutilizada,subtype,true,
2026-09-07T14:34:20.590468+00:00,humano_1,142||u01200001-estudiantes-matriculados-por-dedicacion-doctorado-2024-2025,142,u01200001-estudiantes-matriculados-por-dedicacion-doctorado-2024-2025,estudiante,,title,Estudiantes matriculados por dedicación Doctorado,direct_match,true,
2026-09-07T14:34:32.622008+00:00,humano_1,71||a04003003-datos-covid-19-positividad-en-7-dias-illes-balears1,71,a04003003-datos-covid-19-positividad-en-7-dias-illes-balears1,covid,,title,Datos COVID-19 Positividad en 7 Días Illes Balears,direct_match,true,
2026-09-07T14:34:47.310249+00:00,humano_1,114||u02100001-acuerdos-de-movilidad-de-estudiantes-erasmus-y-sicue-curso-2020-2021-universidad-de-zaragoza1,114,u02100001-acuerdos-de-movilidad-de-estudiantes-erasmus-y-sicue-curso-2020-2021-universidad-de-zaragoza1,movilidad,,title,Acuerdos de movilidad de estudiantes,subtype,true,
2026-09-07T14:35:08.211237+00:00,humano_1,24||e05073401-estadistica-de-personal-de-las-universidades-personal-docente-e-investigadorpdi-edad-de-la-plantilla-docente-resultados-por-universidades-edad-de-la-plantilla-docente-en-centros-propios-de-universidades-publicas-por-rama-de-ensenanza-y-sexo,24,e05073401-estadistica-de-personal-de-las-universidades-personal-docente-e-investigadorpdi-edad-de-la-plantilla-docente-resultados-por-universidades-edad-de-la-plantilla-docente-en-centros-propios-de-universidades-publicas-por-rama-de-ensenanza-y-sexo,universidades,,title,Edad de la plantilla docente en centros propios de universidades públicas por rama de enseñanza y sexo,subtype,true,
2026-09-07T14:35:20.115698+00:00,humano_1,104||a05003423-uso-de-internet-segun-momento-ultimo-de-utilizacion-y-situaciones-laborales-en-canarias-2010,104,a05003423-uso-de-internet-segun-momento-ultimo-de-utilizacion-y-situaciones-laborales-en-canarias-2010,ipc,,,,unrelated,false,
2026-09-07T14:35:43.135624+00:00,humano_1,103||bienes_artisticos_ayuntamiento,103,bienes_artisticos_ayuntamiento,bienes culturales,,title,Bienes histórico artísticos,direct_match,true,
2026-09-07T14:36:09.871424+00:00,humano_1,103||l01360577-comercios-de-artesania-puntos-de-interes-turistico1,103,l01360577-comercios-de-artesania-puntos-de-interes-turistico1,bienes culturales,,,,unrelated,false,
2026-09-07T14:37:07.090979+00:00,humano_1,84||a04003003-estaciones-bombeo-abastecimiento-abaqua1,84,a04003003-estaciones-bombeo-abastecimiento-abaqua1,cnae,,,,unrelated,false,
2026-09-07T14:37:16.946662+00:00,humano_1,63||a04003003-depositos-abastecimiento-abaqua1,63,a04003003-depositos-abastecimiento-abaqua1,pib,,,,unrelated,false,
2026-09-07T14:37:27.671836+00:00,humano_1,101||l01280148-contratos-mayores-20181,101,l01280148-contratos-mayores-20181,contratos,,title,Contratos Mayores. 2018,direct_match,true,
2026-09-07T14:37:38.613867+00:00,humano_1,37||ea0042931-mercado-minorista-de-electricidad-2019t1,37,ea0042931-mercado-minorista-de-electricidad-2019t1,energia,,title,Mercado minorista de electricidad 2019T1,subtype,true,
2026-09-07T14:37:48.219333+00:00,humano_1,92||l01140351-gestion-de-residuos-epremasa1,92,l01140351-gestion-de-residuos-epremasa1,gasolinera,,,,unrelated,false,
2026-09-07T14:37:59.832147+00:00,humano_1,141||a05003423-esquema-de-conceptos-de-medida-de-la-estadistica-de-crecimiento-vegetativo-en-canarias-istac-csm_c00042a,141,a05003423-esquema-de-conceptos-de-medida-de-la-estadistica-de-crecimiento-vegetativo-en-canarias-istac-csm_c00042a,curvas de nivel,,,,unrelated,false,
2026-09-07T14:38:15.470880+00:00,humano_1,41||l01140155-gestion-de-residuos-epremasa1,41,l01140155-gestion-de-residuos-epremasa1,aemet,,,,unrelated,false,
2026-09-07T14:40:03.995409+00:00,humano_1,104||a04003003-infraestructuras-abaqua1,104,a04003003-infraestructuras-abaqua1,ipc,,,,unrelated,false,
2026-09-07T14:40:26.744754+00:00,humano_1,5||a05003423-poblacion-de-16-y-mas-anos-en-viviendas-familiares-ocupada-que-ha-residido-fuera-del-municipio-segun-anos-de-llegada-a-los-municipios-sexos-y-situaciones-profesionales-municipios-por-islas-1-11-2001,5,a05003423-poblacion-de-16-y-mas-anos-en-viviendas-familiares-ocupada-que-ha-residido-fuera-del-municipio-segun-anos-de-llegada-a-los-municipios-sexos-y-situaciones-profesionales-municipios-por-islas-1-11-2001,municipios,,title,Municipios por islas de Canarias.,subtype,true,
2026-09-07T14:40:36.263186+00:00,humano_1,141||l01080193-tipologias-de-las-placas-fotovoltaicas-municipales-en-la-ciudad-de-barcelona,141,l01080193-tipologias-de-las-placas-fotovoltaicas-municipales-en-la-ciudad-de-barcelona,curvas de nivel,,,,unrelated,false,
2026-09-07T14:40:58.504021+00:00,humano_1,45||l01280148-solicitudes-de-licencia-de-actividades-inocuas-2005-2016,45,l01280148-solicitudes-de-licencia-de-actividades-inocuas-2005-2016,incendios,,,,unrelated,false,
2026-09-07T14:44:02.276883+00:00,humano_1,54||l01140137-gestion-de-residuos-epremasa,54,l01140137-gestion-de-residuos-epremasa,residuo,,title,Gestión de residuos,subtype,true,
2026-09-07T14:44:14.760336+00:00,humano_1,64||l01082798-farmacias1,64,l01082798-farmacias1,farmacia,,title,Farmacias,direct_match,true,
2026-09-07T14:45:02.541412+00:00,humano_1,148||a09002970-sistema-de-informacion-geografica-de-parcelas-agricolas-sigpac-de-la-comarca-de-anoia2018,148,a09002970-sistema-de-informacion-geografica-de-parcelas-agricolas-sigpac-de-la-comarca-de-anoia2018,pesca,,,,unrelated,false,
2026-09-07T14:45:49.148221+00:00,humano_1,31||ea0001302-estacion-meteorologica-sirena,31,ea0001302-estacion-meteorologica-sirena,clima,,header,vv_s_wvt dv_d1_wvt vv10m3seg_max dv10m3seg_smm pre_avg tem_avg hum_avg rad_avg plu_tot,direct_match,true,
2026-09-07T14:46:02.547907+00:00,humano_1,142||u01200001-estudiantes-nuevo-ingreso-master-2024-2025,142,u01200001-estudiantes-nuevo-ingreso-master-2024-2025,estudiantes,,title,Estudiantes Nuevo Ingreso Máster 2024/2025,direct_match,true,
2026-09-07T14:46:29.392357+00:00,humano_1,90||l03380010-puntos-de-interes,90,l03380010-puntos-de-interes,restaurantes,,,,unrelated,false,
2026-09-07T14:46:38.864081+00:00,humano_1,141||ea0010587-maximo-nivel-de-dificultad-para-realizar-alguna-actividad-del-hogar-segun-sexo-grupo-de-edad-y-nivel-de-estudios-poblacion-de-55-y-mas-anos-identificador-api-47766,141,ea0010587-maximo-nivel-de-dificultad-para-realizar-alguna-actividad-del-hogar-segun-sexo-grupo-de-edad-y-nivel-de-estudios-poblacion-de-55-y-mas-anos-identificador-api-47766,curvas de nivel,,,,unrelated,false,
2026-09-07T14:46:52.080298+00:00,humano_1,49||a04003003-calendario-laboral-general-y-local-illes-balears-20241,49,a04003003-calendario-laboral-general-y-local-illes-balears-20241,calendario laboral,,title,Calendario Laboral General y Local Illes Balears 2024,direct_match,true,
2026-09-07T14:47:05.337322+00:00,humano_1,19||presupuesto-comparativo-de-gastos-2018,19,presupuesto-comparativo-de-gastos-2018,presupuestos,,title,Presupuesto Comparativo de Gastos 2018,direct_match,true,
2026-09-07T14:48:06.113441+00:00,humano_1,103||a06004074-turismo-cultural,103,a06004074-turismo-cultural,bienes culturales,,title,Turismo cultural,subtype,true,
2026-09-07T14:48:11.736779+00:00,humano_1,40||l02000047-cajeros-moviles,40,l02000047-cajeros-moviles,transporte,,,,unrelated,false,
2026-09-07T14:48:26.450959+00:00,humano_1,65||calendario-de-ferias-y-exposiciones-en-aragon-2019,65,calendario-de-ferias-y-exposiciones-en-aragon-2019,calendario,,title,Calendario de ferias y exposiciones en Aragón,subtype,true,
2026-09-07T14:49:27.653222+00:00,humano_1,82||l02000020-bienes-inmuebles-de-naturaleza-urbana-orio,82,l02000020-bienes-inmuebles-de-naturaleza-urbana-orio,patrimonio,,description,Bienes Inmuebles de Naturaleza Urbana existentes en el Catastro de Gipuzkoa,subtype,true,
2026-09-07T14:49:33.940716+00:00,humano_1,114||l01360577-pistas-atletismo-instalaciones-deportivas,114,l01360577-pistas-atletismo-instalaciones-deportivas,movilidad,,,,unrelated,false,
2026-09-07T14:49:56.628559+00:00,humano_1,135||i00000687-iniciativas-tsjc-2010-vii-legislatura,135,i00000687-iniciativas-tsjc-2010-vii-legislatura,justicia,,description,DEL TRIBUNAL SUPERIOR DE JUSTICIA DE CANARIAS - 2010 - VII Legislatura,subtype,true,
2026-09-07T14:50:08.891325+00:00,humano_1,80||deportes-instalaciones,80,deportes-instalaciones,deporte,,title,Instalaciones deportivas municipales,subtype,true,
2026-09-07T14:50:24.366559+00:00,humano_1,1||ea0010587-altas-hospitalarias-segun-el-sexo-el-grupo-de-edad-la-provincia-comunidad-y-ciudad-autonoma-de-hospitalizacion-identificador-api-66354,1,ea0010587-altas-hospitalarias-segun-el-sexo-el-grupo-de-edad-la-provincia-comunidad-y-ciudad-autonoma-de-hospitalizacion-identificador-api-66354,aulas hospitalarias,andalucia,,,unrelated,false,
2026-09-07T14:51:03.442817+00:00,humano_1,11||l01280148-sanciones-infraccion-omt-2-trimestre-20201,11,l01280148-sanciones-infraccion-omt-2-trimestre-20201,multas,,title,Sanciones. Infracción OMT. 2º Trimestre 2020,direct_match,true,
2026-09-07T14:52:45.803973+00:00,humano_1,26||a05003423-victimas-heridas-en-accidentes-de-circulacion-por-lugar-del-accidente-provincias-de-canarias-y-anos,26,a05003423-victimas-heridas-en-accidentes-de-circulacion-por-lugar-del-accidente-provincias-de-canarias-y-anos,accidentes,,title,Víctimas heridas en accidentes de circulación,subtype,true,
2026-09-07T14:52:57.342868+00:00,humano_1,98||a04003003-actuaciones-gestion-saneamiento-depuracion-programa-medidas-abaqua1,98,a04003003-actuaciones-gestion-saneamiento-depuracion-programa-medidas-abaqua1,centro salud,,,,unrelated,false,
2026-09-07T14:53:04.242157+00:00,humano_1,55||a04027063-conceptos-operacionales-de-los-vinos-de-calidad-de-las-illes-balears-ibestat-cso_000274a,55,a04027063-conceptos-operacionales-de-los-vinos-de-calidad-de-las-illes-balears-ibestat-cso_000274a,dgt,,,,unrelated,false,
2026-09-07T14:53:20.290967+00:00,humano_1,57||a05003423-viajes-en-periodos-vacacionales-segun-destinos-sexos-y-grupos-de-edad-canarias-2004,57,a05003423-viajes-en-periodos-vacacionales-segun-destinos-sexos-y-grupos-de-edad-canarias-2004,festivos,,title,"Viajes en periodos vacacionales según destinos, sexos y grupos de edad.",subtype,true,
2026-09-07T14:53:26.973488+00:00,humano_1,89||l01140121-gestion-de-residuos-epremasa1,89,l01140121-gestion-de-residuos-epremasa1,cancer,,,,unrelated,false,
2026-09-07T14:53:43.747132+00:00,humano_1,135||personal_administracion_justicia,135,personal_administracion_justicia,justicia,,description,"Información sobre el personal al servicio de la administración de justicia. Se presenta la información en torno a dos tipos de agrupaciones:rrRelación de Puestos de Trabajo de Funcionarios de Justicia: Es el instrumento de ordenación de los puestos de funcionarios al servicio de la Administración de Justicia previsto en el artículo 521 de la Ley Orgánica del Poder Judicial. Al día de hoy sólo se encuentran ordenados en RPT los funcionarios de Justicia que prestan servicios en el Instituto de Medicina Legal de la Comunidad de MadridrrPlantilla Orgánica Funcionarios de Justicia: Instrumento actual de ordenación de los puestos de funcionarios al servicio de la Administración de Justicia, vigente hasta su transformación en las RPT previstas en la Ley Orgánica del Poder Judicial. Actualmente se encuentran ordenados en la plantilla orgánica todos los funcionarios al servicio de la Administración de Justicia excepto los que están adscritos al Instituto de Medicina Legal de la Comunidad de Madrid",subtype,true,
2026-09-07T14:53:57.515945+00:00,humano_1,21||l01280148-subvenciones-2022,21,l01280148-subvenciones-2022,subvenciones,,title,Subvenciones 2022,direct_match,true,
2026-09-07T14:54:06.434885+00:00,humano_1,19||a01002820-presupuesto-de-la-comunidad-autonoma-de-andalucia-ano-2020,19,a01002820-presupuesto-de-la-comunidad-autonoma-de-andalucia-ano-2020,presupuestos,,title,Presupuesto de la Comunidad Autónoma de Andalucía año 2020,direct_match,true,
2026-09-07T14:54:42.075261+00:00,humano_1,70||ea0010587-c-inteligencia-artificial-identificador-api-59913,70,ea0010587-c-inteligencia-artificial-identificador-api-59913,inteligencia artificial,,title,Inteligencia artificial (Identificador API: 59913),direct_match,true,
2026-09-07T14:54:56.837115+00:00,humano_1,54||l02000014-gestion-de-residuos-epremasa1,54,l02000014-gestion-de-residuos-epremasa1,residuo,,title,Gestión de residuos,subtype,true,
2026-09-07T14:55:02.370456+00:00,humano_1,55||l01290672-trabajo,55,l01290672-trabajo,dgt,,,,unrelated,false,
2026-09-07T14:55:22.960297+00:00,humano_1,39||a02002834-fechas-de-aprobaciones-y-publicaciones-de-plantillas-de-personal-de-entidades-publicas1,39,a02002834-fechas-de-aprobaciones-y-publicaciones-de-plantillas-de-personal-de-entidades-publicas1,empleo,,title,Fechas de aprobaciones y publicaciones de Plantillas de Personal de entidades públicas,subtype,true,
2026-09-07T14:55:32.755745+00:00,humano_1,70||l01030092-bajas-en-padron,70,l01030092-bajas-en-padron,inteligencia artificial,,,,unrelated,false,
2026-09-07T14:55:50.086838+00:00,humano_1,104||ea0010587-ponderaciones-de-subgrupos-ipca-identificador-api-51068,104,ea0010587-ponderaciones-de-subgrupos-ipca-identificador-api-51068,ipc,,,,unrelated,false,
2026-09-07T14:55:55.674616+00:00,humano_1,51||a04003003-red-hidrografica-provisional,51,a04003003-red-hidrografica-provisional,paro,,,,unrelated,false,
2026-09-07T14:57:00.814170+00:00,humano_1,14||a05003423-poblacion-total-segun-tiempo-transcurrido-desde-la-ultima-consulta-de-medicina-general-en-un-centro-de-salud-del-servicio-canario-de-la-salud-grandes-comarcas-de-canarias-2009-2015-2021,14,a05003423-poblacion-total-segun-tiempo-transcurrido-desde-la-ultima-consulta-de-medicina-general-en-un-centro-de-salud-del-servicio-canario-de-la-salud-grandes-comarcas-de-canarias-2009-2015-2021,salud,,title,Población total según tiempo transcurrido desde la última consulta de medicina general en un centro de salud del Servicio Canario de la Salud.,subtype,true,
2026-09-07T14:57:15.669426+00:00,humano_1,3||a05003423-viviendas-segun-numero-de-telefonos-y-tamano-del-hogar-en-canarias-2006,3,a05003423-viviendas-segun-numero-de-telefonos-y-tamano-del-hogar-en-canarias-2006,vivienda,,title,Viviendas según número de teléfonos y tamaño del hogar en Canarias. 2006,direct_match,true,
2026-09-07T14:57:49.051307+00:00,humano_1,40||l01080193-tipologia-del-parque-de-vehiculos-de-la-ciudad-de-barcelona,40,l01080193-tipologia-del-parque-de-vehiculos-de-la-ciudad-de-barcelona,transporte,,title,Padrón de vehículos. Tipología del parque de vehículos de la ciudad de Barcelona,subtype,true,
2026-09-07T14:57:59.386346+00:00,humano_1,86||i00000687-miembros-de-la-comision-agricultura-ganaderia-pesca-y-alimentacion-vii-legislatura,86,i00000687-miembros-de-la-comision-agricultura-ganaderia-pesca-y-alimentacion-vii-legislatura,agricultura,,title,"Miembros de la comisión - Agricultura, Ganadería, Pesca y Alimentación - VII Legislatura",subtype,true,
2026-09-07T14:58:22.967794+00:00,humano_1,131||ocio-y-diversion,131,ocio-y-diversion,playas,,,,insufficient_evidence,false,
2026-09-07T14:58:41.249691+00:00,humano_1,34||ea0042931-mercado-minorista-de-electricidad-2012t3,34,ea0042931-mercado-minorista-de-electricidad-2012t3,instaladores gas,,,,insufficient_evidence,false,
2026-09-07T14:58:48.335805+00:00,humano_1,63||l01140734-gestion-de-residuos-epremasa1,63,l01140734-gestion-de-residuos-epremasa1,pib,,,,unrelated,false,
2026-09-07T14:59:04.227678+00:00,humano_1,95||l01080193-estimacion-del-precio-de-venta-de-la-ciudad-de-barcelona-serie-anual-del-precio-m2-de-venta-de-las-viviendas-de-segunda-mano-por-barrios-2007-2011-tasa-de-variacion-interanual-cambio-de-fuente,95,l01080193-estimacion-del-precio-de-venta-de-la-ciudad-de-barcelona-serie-anual-del-precio-m2-de-venta-de-las-viviendas-de-segunda-mano-por-barrios-2007-2011-tasa-de-variacion-interanual-cambio-de-fuente,ventas,,title,Estimación del precio de venta de la ciudad de Barcelona,subtype,true,
2026-09-07T14:59:09.154790+00:00,humano_1,90||l01030092-bajas-en-padron,90,l01030092-bajas-en-padron,restaurantes,,,,unrelated,false,
2026-09-07T14:59:20.500362+00:00,humano_1,35||l01140116-asociaciones-registradas1,35,l01140116-asociaciones-registradas1,asociaciones,,title,Asociaciones registradas,direct_match,true,
2026-09-07T14:59:55.441677+00:00,humano_1,112||l01140348-mercados-municipales1,112,l01140348-mercados-municipales1,barrios,,,,unrelated,false,
2026-09-07T15:00:11.105626+00:00,humano_1,45||l03380010-red-de-incendios,45,l03380010-red-de-incendios,incendios,,description,"Se encuentra información sobre la Red Contraincendios, estaciones de bombeo, Estaciones Depuradoras de Aguas Residuales (E.D.A.R), Balsas y Presas, Emisarios, Conducciones principales, que sirven para tener una noción de los balances hídricos globales en la Demarcación Hidrográfica de La Palma",subtype,true,
2026-09-07T15:00:23.558539+00:00,humano_1,86||ea0010587-distribucion-de-la-superficie-de-agricultura-ecologica-certificada-calificada-y-o-en-periodo-de-conversion-identificador-api-t01-p044-a2016-ccaa05-l0-0902-px,86,ea0010587-distribucion-de-la-superficie-de-agricultura-ecologica-certificada-calificada-y-o-en-periodo-de-conversion-identificador-api-t01-p044-a2016-ccaa05-l0-0902-px,agricultura,,title,Distribución de la superficie de agricultura ecológica certificada,subtype,true,
2026-09-07T15:00:34.657705+00:00,humano_1,57||calendario-de-festivos-en-comunidad-de-aragon-2015,57,calendario-de-festivos-en-comunidad-de-aragon-2015,festivos,,title,Calendario de festivos en comunidad de Aragón 2015,direct_match,true,
2026-09-07T15:00:57.381957+00:00,humano_1,116||l01330045-presupuestos-2022-f-m-cultura,116,l01330045-presupuestos-2022-f-m-cultura,cultura,,description,"Visión global de los ingresos, gastos y clasificación funcional del presupuesto de la Fundación Municipal de Cultura",subtype,true,
2026-09-07T15:14:54.430874+00:00,humano_1,127||l01140155-asociaciones-registradas1,127,l01140155-asociaciones-registradas1,fundaciones,,description,"Relación de asociaciones, federaciones y fundaciones inscritas con sede en el municipio",direct_match,true,
2026-09-07T15:02:43.614292+00:00,humano_1,59||l01140023-adjudicatarios-de-suministros1,59,l01140023-adjudicatarios-de-suministros1,licitaciones,,description,Listado de adjudicatarios de licitaciones correspondientes a suministros,subtype,true,
2026-09-07T15:03:00.505599+00:00,humano_1,39||a02002834-datos-de-anuncios-de-oposiciones-y-ofertas-de-empleo-publico,39,a02002834-datos-de-anuncios-de-oposiciones-y-ofertas-de-empleo-publico,empleo,,title,Datos de anuncios de oposiciones y ofertas de empleo público,direct_match,true,
2026-09-07T15:03:33.791026+00:00,humano_1,34||l01140478-gestion-de-residuos-epremasa1,34,l01140478-gestion-de-residuos-epremasa1,instaladores gas,,,,unrelated,false,
2026-09-07T15:03:42.042948+00:00,humano_1,53||l01081691-calendaris-de-dies-festius,53,l01081691-calendaris-de-dies-festius,futbol,,,,unrelated,false,
2026-09-07T15:03:59.994383+00:00,humano_1,104||a04027063-esquema-de-conceptos-de-medidas-de-indices-de-precios-de-consumo-ipc-ibestat-csm_r00020a_ipc,104,a04027063-esquema-de-conceptos-de-medidas-de-indices-de-precios-de-consumo-ipc-ibestat-csm_r00020a_ipc,ipc,,title,Esquema de conceptes de mesures d'Índexs de Preus de Consum (IPC) (IBESTAT: CSM_R00020A_IPC),direct_match,true,
2026-09-07T15:04:22.462934+00:00,humano_1,4||ea0010587-actividades-innovadoras-en-el-periodo-2020-2022-empresas-por-tipo-de-financiacion-privada-por-rama-de-actividad-y-tamano-de-la-empresa-identificador-api-61313,4,ea0010587-actividades-innovadoras-en-el-periodo-2020-2022-empresas-por-tipo-de-financiacion-privada-por-rama-de-actividad-y-tamano-de-la-empresa-identificador-api-61313,empresa,,description,"Empresas por tipo de financiación privada, por rama de actividad y tamaño de la empresa. Nacional. Encuesta sobre Innovación en las Empresas",subtype,true,
2026-09-07T15:04:34.586142+00:00,humano_1,105||l01280148-inventario-patrimonio-municipal-bienes-inmuebles-1991,105,l01280148-inventario-patrimonio-municipal-bienes-inmuebles-1991,libro,,,,unrelated,false,
2026-09-07T15:04:55.593186+00:00,humano_1,22||ea0010587-poblacion-segun-comunidad-autonoma-y-provincia-y-sexo-identificador-api-73024,22,ea0010587-poblacion-segun-comunidad-autonoma-y-provincia-y-sexo-identificador-api-73024,provincia,,title,Población según comunidad autónoma y provincia y sexo,subtype,true,
2026-09-07T15:05:09.970833+00:00,humano_1,95||l01140121-mercados-municipales,95,l01140121-mercados-municipales,ventas,,,,generic,false,
2026-09-07T15:05:26.216426+00:00,humano_1,74||ea0010587-p-i-b-a-precios-de-mercado-y-valor-anadido-bruto-a-precios-basicos-precios-corrientes-por-comunidades-y-ciudades-autonomas-ramas-de-actividad-y-periodo-identificador-api-67286,74,ea0010587-p-i-b-a-precios-de-mercado-y-valor-anadido-bruto-a-precios-basicos-precios-corrientes-por-comunidades-y-ciudades-autonomas-ramas-de-actividad-y-periodo-identificador-api-67286,precio,,title,"Precios corrientes por comunidades y ciudades autónomas, ramas de actividad y periodo",direct_match,true,
2026-09-07T15:05:50.891206+00:00,humano_1,71||a05003423-estancias-causadas-en-hospitales-de-canarias-segun-diagnosticos-principales-sexos-y-grupos-de-edad-2014,71,a05003423-estancias-causadas-en-hospitales-de-canarias-segun-diagnosticos-principales-sexos-y-grupos-de-edad-2014,covid,,,,insufficient_evidence,false,
2026-09-07T15:06:19.218897+00:00,humano_1,6||a05003423-viajes-en-periodos-vacacionales-segun-destinos-por-comarcas-2004,6,a05003423-viajes-en-periodos-vacacionales-segun-destinos-por-comarcas-2004,turismo,,title,Viajes en periodos vacacionales según destinos por islas de Canarias,subtype,true,
2026-09-07T15:13:54.133780+00:00,humano_1,39||a05003423-clasificacion-de-situaciones-en-el-empleo-istac-cl_situacion_empleo,39,a05003423-clasificacion-de-situaciones-en-el-empleo-istac-cl_situacion_empleo,empleo,,title,Clasificación de situaciones en el empleo,subtype,true,
2026-09-07T15:15:26.974254+00:00,humano_1,83||l01140689-asociaciones-registradas1,83,l01140689-asociaciones-registradas1,cooperativas,,,,generic,false,
2026-09-07T15:15:53.324776+00:00,humano_1,131||censo_clasificacion_zonas_bano,131,censo_clasificacion_zonas_bano,playas,,,,insufficient_evidence,false,
2026-09-07T15:16:06.404298+00:00,humano_1,131||a04003003-playa-duna-albufera,131,a04003003-playa-duna-albufera,playas,,title,Playa duna Albufera,direct_match,true,
2026-09-07T15:16:15.687395+00:00,humano_1,55||ea0001302-tiempo-de-acceso-terminal-berge,55,ea0001302-tiempo-de-acceso-terminal-berge,dgt,,,,unrelated,false,
2026-09-07T15:16:35.425379+00:00,humano_1,142||oai-zaguan-unizar-es-70144,142,oai-zaguan-unizar-es-70144,estudiantes,,title,Acuerdos de movilidad de estudiantes,subtype,true,
2026-09-07T15:16:50.398847+00:00,humano_1,101||renta-mensual-media-contratos-alquiler-libre-vivienda-habitual-colectiva-contrato-vivienda-habitual-territorio-historico-y-tamano-del-municipio-trimestre-inicio-del-contrato-eurosmes,101,renta-mensual-media-contratos-alquiler-libre-vivienda-habitual-colectiva-contrato-vivienda-habitual-territorio-historico-y-tamano-del-municipio-trimestre-inicio-del-contrato-eurosmes,contratos,,title,Renta mensual media de los contratos de alquiler libre de vivienda habitual colectiva,subtype,true,
2026-09-07T15:18:13.679056+00:00,humano_1,139||l01280148-cementerios1,139,l01280148-cementerios1,arqueologia,,,,unrelated,false,
2026-09-07T15:18:22.412654+00:00,humano_1,62||l01140538-gestion-de-residuos-epremasa1,62,l01140538-gestion-de-residuos-epremasa1,embalse,,,,unrelated,false,
2026-09-07T15:18:30.010883+00:00,humano_1,63||l01140327-gestion-de-residuos-epremasa1,63,l01140327-gestion-de-residuos-epremasa1,pib,,,,unrelated,false,
2026-09-07T15:19:03.461216+00:00,humano_1,148||a05003423-esquema-de-conceptos-de-medida-de-la-recopilacion-de-estadisticas-de-pesca-en-canarias-istac-csm_c00106a,148,a05003423-esquema-de-conceptos-de-medida-de-la-recopilacion-de-estadisticas-de-pesca-en-canarias-istac-csm_c00106a,pesca,,description,Conceptos de medida para la publicación de la Recopilación de Estadísticas de Pesca en Canarias.,direct_match,true,
2026-09-07T15:19:20.354470+00:00,humano_1,3||a05003423-viviendas-segun-tipos-de-ordenador-y-tipos-de-familia-en-canarias-2006,3,a05003423-viviendas-segun-tipos-de-ordenador-y-tipos-de-familia-en-canarias-2006,vivienda,,title,Viviendas según tipos de ordenador y tipos de familia en Canarias. 2006,direct_match,true,
2026-09-07T15:19:31.922977+00:00,humano_1,58||1923451,58,1923451,delitos,,title,Delitos contra la propiedad intelectual,direct_match,true,
2026-09-07T15:19:53.383369+00:00,humano_1,31||a04003003-datos-meteorologicos-estacion-son-real-20231,31,a04003003-datos-meteorologicos-estacion-son-real-20231,clima,,header,"data hora ""temperatura màxima"" ""temperatura mitjana"" ""temperatura mínima"" ""punt de rosada"" ""sensació tèrmica"" ""minuts geladestemp.< 0°c"" ""minuts frio temp. < 7°c"" ""minuts temperatura > 20°c"" ""minuts temperatura > 35°c"" ""minuts temperatura > 40°c"" ""humitat màxima"" ""humitat mitjana"" ""humitat mínima"" ""velocidad máxima"" ""velocitat mitjana"" ""velocitat mínima"" ""velocitat desv. típica"" ""minuts velocitat > 10km/h"" ""minuts velocitat > 20km/h"" ""minuts velocitat > 30km/h"" ""minuts velocitat > 50km/h"" ""pluja acumulat"" ""minuts de pluja"" ""intensitat de pluja màxima"" ""pressió màxima"" ""pressió mitjana"" ""pressió mínima"" ""radiació mitjana"" ""minuts sol"" ""bateria mitjana"" ""bateria mòdem mitjana""",direct_match,true,
2026-09-07T15:20:17.477861+00:00,humano_1,6||a05003423-distribucion-de-turistas-en-intervalos-de-gastos-medios-segun-grupos-de-edades-o-sexos-islas-de-canarias-y-periodos,6,a05003423-distribucion-de-turistas-en-intervalos-de-gastos-medios-segun-grupos-de-edades-o-sexos-islas-de-canarias-y-periodos,turismo,,title,Distribución de turistas en intervalos de gastos medios según grupos de edades o sexos. Islas de Canarias y periodos,subtype,true,
2026-09-07T15:20:34.805143+00:00,humano_1,32||ea0042931-indice-mibgas1,32,ea0042931-indice-mibgas1,gas,,description,Índice MIBGAS Serie: desde 17/12/2015 Informe de referencia: Informe de supervisión del mercado mayorista y aprovisionamiento de gas Fuente: MIBGAS,subtype,true,
2026-09-07T15:20:46.488143+00:00,humano_1,49||a02002834-calendario-de-ferias-y-exposiciones-en-aragon-20181,49,a02002834-calendario-de-ferias-y-exposiciones-en-aragon-20181,calendario laboral,,,,generic,false,
2026-09-07T15:20:57.209448+00:00,humano_1,16||l01280148-consumo-agua-centros-publicos-municipales-20161,16,l01280148-consumo-agua-centros-publicos-municipales-20161,agua,,title,Consumo agua. Centros públicos municipales. 2016,direct_match,true,
2026-09-07T15:21:04.912662+00:00,humano_1,86||a17002943-transportistas-de-ganado1,86,a17002943-transportistas-de-ganado1,agricultura,,,,unrelated,false,
2026-09-07T15:21:11.139153+00:00,humano_1,63||l01140044-gestion-de-residuos-epremasa1,63,l01140044-gestion-de-residuos-epremasa1,pib,,,,unrelated,false,
2026-09-07T15:21:17.530295+00:00,humano_1,73||l01140327-hogares-segun-su-tamano1,73,l01140327-hogares-segun-su-tamano1,hoteles,,,,unrelated,false,
2026-09-07T15:21:28.589732+00:00,humano_1,101||contratos-2023,101,contratos-2023,contratos,,title,Contratos 2023,direct_match,true,
2026-09-07T15:21:45.997041+00:00,humano_1,37||l01140673-consumo-electrico-municipal,37,l01140673-consumo-electrico-municipal,energia,,title,Consumo eléctrico municipal,direct_match,true,
2026-09-07T15:21:52.223842+00:00,humano_1,57||l01360577-centros-de-dia-de-vigo1,57,l01360577-centros-de-dia-de-vigo1,festivo,,,,unrelated,false,
2026-09-07T15:22:06.443757+00:00,humano_1,121||u01200001-estudiantes-matriculados-grado-2023-2024,121,u01200001-estudiantes-matriculados-grado-2023-2024,matriculaciones,,title,Estudiantes matriculados Grado 2023/2024,direct_match,true,
2026-09-07T15:22:44.545970+00:00,humano_1,58||l01280148-criminalidad-2016,58,l01280148-criminalidad-2016,delito,,title,Criminalidad. 2016,subtype,true,
2026-09-07T15:22:52.952184+00:00,humano_1,65||ordenes_mantenimiento_alumbrado_historico,65,ordenes_mantenimiento_alumbrado_historico,calendario,,,,unrelated,false,
2026-09-07T15:23:11.159381+00:00,humano_1,13||l01140109-gestion-de-residuos-epremasa1,13,l01140109-gestion-de-residuos-epremasa1,codigos postales,,,,unrelated,false,
2026-09-07T15:23:30.219499+00:00,humano_1,42||a05003423-resultados-de-elecciones-al-senado-segun-candidaturas-canarias-hasta-escala-de-municipios-elecciones-de-23-de-julio-de-2023-datos-provisionales,42,a05003423-resultados-de-elecciones-al-senado-segun-candidaturas-canarias-hasta-escala-de-municipios-elecciones-de-23-de-julio-de-2023-datos-provisionales,elecciones,,title,Resultados de elecciones al Senado según candidaturas,direct_match,true,
2026-09-07T15:23:41.137048+00:00,humano_1,109||a06004074-catastro-titulares,109,a06004074-catastro-titulares,defuncion,,,,unrelated,false,
2026-09-07T15:23:46.568684+00:00,humano_1,51||l01030092-gimnasios,51,l01030092-gimnasios,paro,,,,unrelated,false,
2026-09-07T15:24:15.615900+00:00,humano_1,34||a07002862-consumo-gasoil-en-centros-de-educacion-sanidad-y-cultura-de-la-administracion-autonomica-de-castilla-y-leon1,34,a07002862-consumo-gasoil-en-centros-de-educacion-sanidad-y-cultura-de-la-administracion-autonomica-de-castilla-y-leon1,instaladores gas,,,,unrelated,false,
2026-09-07T15:24:28.688341+00:00,humano_1,68||l01080193-relacion-de-contratistas-del-ayuntamiento-de-barcelona-y-entidades-municipales,68,l01080193-relacion-de-contratistas-del-ayuntamiento-de-barcelona-y-entidades-municipales,ayuntamientos,,title,Relación de contratistas del Ayuntamiento de Barcelona y entidades municipales,subtype,true,
2026-09-07T15:24:48.421209+00:00,humano_1,64||l03380010-centros-sanitarios1,64,l03380010-centros-sanitarios1,farmacias,,,,insufficient_evidence,false,
2026-09-07T15:26:14.209694+00:00,humano_1,139||l01360577-areas-comerciales-puntos-de-interes-turistico1,139,l01360577-areas-comerciales-puntos-de-interes-turistico1,arqueologia,,,,unrelated,false,
2026-09-07T15:26:22.574215+00:00,humano_1,55||l01280148-directorio-unidades-administrativas-dir-31,55,l01280148-directorio-unidades-administrativas-dir-31,dgt,,,,unrelated,false,
2026-09-07T15:26:51.124048+00:00,humano_1,40||incidencias_via_publica_resueltas,40,incidencias_via_publica_resueltas,transporte,,,,unrelated,false,
2026-09-07T15:26:58.046667+00:00,humano_1,51||ordenes_mantenimiento_alumbrado_historico,51,ordenes_mantenimiento_alumbrado_historico,paro,,,,unrelated,false,
2026-09-07T15:27:05.725710+00:00,humano_1,32||l01140636-gestion-de-residuos-epremasa1,32,l01140636-gestion-de-residuos-epremasa1,gas,,,,unrelated,false,
2026-09-07T15:27:21.830255+00:00,humano_1,40||l01080193-tipos-de-vehiculos-en-las-denuncias-y-sanciones-de-trafico-tramitadas-por-el-institut-municipal-dhisenda-del-ayuntamiento-de-barcelona,40,l01080193-tipos-de-vehiculos-en-las-denuncias-y-sanciones-de-trafico-tramitadas-por-el-institut-municipal-dhisenda-del-ayuntamiento-de-barcelona,transporte,,title,Tipos de vehículos en las denuncias y sanciones de tráfico tramitadas por el Institut Municipal d’Hisenda del Ayuntamiento de Barcelona,subtype,true,
2026-09-07T15:28:36.579366+00:00,humano_1,31||ea0042926-categorizacion-con-los-criterios-de-los-ods-de-la-nueva-actividad-directa-del-instituto-de-credito-oficial,31,ea0042926-categorizacion-con-los-criterios-de-los-ods-de-la-nueva-actividad-directa-del-instituto-de-credito-oficial,clima,,description,"Esta actividad abarca diversos ODS, destacando la inversión significativa en áreas como Energía asequible y no contaminante, Trabajo decente y crecimiento económico, Ciudades y comunidades sostenibles, y Acción por el clima",subtype,true,
2026-09-07T15:28:49.001029+00:00,humano_1,100||demografia-extranjeros,100,demografia-extranjeros,inmigracion,,title,Población - Personas extranjeras,subtype,true,
2026-09-07T15:28:55.810397+00:00,humano_1,62||l01140155-gestion-de-residuos-epremasa1,62,l01140155-gestion-de-residuos-epremasa1,embalse,,,,unrelated,false,
2026-09-07T15:29:05.409901+00:00,humano_1,62||l01140713-gestion-de-residuos-epremasa1,62,l01140713-gestion-de-residuos-epremasa1,embalse,,,,unrelated,false,
2026-09-07T15:29:24.040778+00:00,humano_1,76||a05003423-poblacion-de-16-y-mas-anos-segun-estado-de-salud-mental-y-relacion-con-la-actividad-canarias-2021,76,a05003423-poblacion-de-16-y-mas-anos-segun-estado-de-salud-mental-y-relacion-con-la-actividad-canarias-2021,salud mental,,title,Población de 16 y más años según estado de salud mental y relación con la actividad. Canarias. 2021,direct_match,true,
2026-09-07T15:29:45.582561+00:00,humano_1,74||a04027063-indice-de-precios-en-alojamientos-de-turismo-rural-segun-tarifa-illes-balears-y-mes,74,a04027063-indice-de-precios-en-alojamientos-de-turismo-rural-segun-tarifa-illes-balears-y-mes,precio,,title,Índex de preus en allotjaments de turisme rural segons tarifa. Illes Balears i mes,direct_match,true,
2026-09-07T15:30:01.571441+00:00,humano_1,26||a05003423-accidentes-de-trabajo-con-baja-segun-sectores-economicos-y-lugares-del-accidente-canarias-y-anos,26,a05003423-accidentes-de-trabajo-con-baja-segun-sectores-economicos-y-lugares-del-accidente-canarias-y-anos,accidentes,,title,Accidentes de trabajo con baja según sectores económicos y lugares del accidente. Canarias. 1988-2008,direct_match,true,
2026-09-07T15:30:15.920362+00:00,humano_1,48||l03380011-intensidad-media-diaria-imd-de-trafico-de-tenerife,48,l03380011-intensidad-media-diaria-imd-de-trafico-de-tenerife,carreteras,,description,Datos de Intensidad Media Diaria de tráfico en la red de carreteras de la isla de Tenerife por estaciones de aforo.,subtype,true,
2026-09-07T15:30:23.306496+00:00,humano_1,72||a06004074-juegos-de-azar,72,a06004074-juegos-de-azar,faros,,,,unrelated,false,
2026-09-07T15:31:20.782782+00:00,humano_1,103||servicios-cultura,103,servicios-cultura,bien cultural,,description,"Mapa de la ubicación de los equipamientos culturales (casa de cultura, biblioteca, museo y cine/teatro) de Donostia",direct_match,true,
2026-09-07T15:31:32.890444+00:00,humano_1,142||u01200001-estudiantes-matriculados-por-nacionalidad-grado-2020-2021,142,u01200001-estudiantes-matriculados-por-nacionalidad-grado-2020-2021,estudiantes,,title,Estudiantes matriculados por nacionalidad grado 2020-2021,direct_match,true,
2026-09-07T15:31:43.047942+00:00,humano_1,80||servicios-deporte,80,servicios-deporte,deporte,,title,Equipamientos deportivos,subtype,true,
2026-09-07T15:31:53.985150+00:00,humano_1,133||bibliotecas-publicas-de-la-c-a-de-eukadi-segun-territorio-historico,133,bibliotecas-publicas-de-la-c-a-de-eukadi-segun-territorio-historico,bibliotecas,,title,Bibliotecas públicas de la C.A. de Eukadi según territorio histórico.,direct_match,true,
2026-09-07T15:32:00.653670+00:00,humano_1,64||a04003003-zonas-interes-minero1,64,a04003003-zonas-interes-minero1,farmacia,,,,unrelated,false,
2026-09-07T15:32:10.960093+00:00,humano_1,6||turismo-casas-rurales,6,turismo-casas-rurales,turismo,,title,Casas rurales turísticas,subtype,true,
2026-09-07T15:32:23.697733+00:00,humano_1,133||l01280796-bibliotecas-especializadas-prestamos-activos1,133,l01280796-bibliotecas-especializadas-prestamos-activos1,bibliotecas,,title,Bibliotecas Especializadas. Préstamos activos,direct_match,true,
2026-09-07T15:32:33.249269+00:00,humano_1,113||ea0042931-mercado-minorista-de-electricidad-2021t4,113,ea0042931-mercado-minorista-de-electricidad-2021t4,electricidad,,title,Mercado minorista de electricidad 2021T4,subtype,true,
2026-09-07T15:32:52.983295+00:00,humano_1,64||a05003423-poblacion-total-segun-tipos-de-medicamentos-consumo-de-medicamentos-y-automedicacion-en-las-ultimas-2-semanas-canarias-2004,64,a05003423-poblacion-total-segun-tipos-de-medicamentos-consumo-de-medicamentos-y-automedicacion-en-las-ultimas-2-semanas-canarias-2004,farmacia,,,,generic,false,
2026-09-07T15:33:06.257293+00:00,humano_1,150||l01280148-subvenciones-convocatorias,150,l01280148-subvenciones-convocatorias,ayuda,,title,Subvenciones. Convocatorias,direct_match,true,
2026-09-07T15:33:22.844486+00:00,humano_1,104||ea0010587-indices-nacionales-de-grupos-especiales-ipc-identificador-api-76130,104,ea0010587-indices-nacionales-de-grupos-especiales-ipc-identificador-api-76130,ipc,,title,Índices nacionales de grupos especiales. IPC,direct_match,true,
2026-09-07T15:33:33.316689+00:00,humano_1,90||a06004074-directorio-central-de-empresas-dirce,90,a06004074-directorio-central-de-empresas-dirce,restaurantes,,,,unrelated,false,
2026-09-07T15:33:43.791555+00:00,humano_1,10||l01330045-poblacion-total,10,l01330045-poblacion-total,poblacion,,title,Población Total,direct_match,true,
2026-09-07T15:33:52.219851+00:00,humano_1,112||l01080193-dimensiones-de-los-conjuntos-de-datos-del-padron-municipal-de-habitantes-de-la-ciudad-de-barcelona,112,l01080193-dimensiones-de-los-conjuntos-de-datos-del-padron-municipal-de-habitantes-de-la-ciudad-de-barcelona,barrio,,,,unrelated,false,
2026-09-07T15:34:00.606660+00:00,humano_1,102||l01140207-gestion-de-residuos-epremasa1,102,l01140207-gestion-de-residuos-epremasa1,renfe,,,,unrelated,false,
2026-09-07T15:34:09.503185+00:00,humano_1,48||a17002943-vehiculos-para-transporte-de-ganado1,48,a17002943-vehiculos-para-transporte-de-ganado1,carreteras,,,,unrelated,false,
2026-09-07T15:34:17.140347+00:00,humano_1,102||ea0003337-puntos-de-venta-internacionales1,102,ea0003337-puntos-de-venta-internacionales1,renfe,,,,unrelated,false,
2026-09-07T15:34:32.286396+00:00,humano_1,18||l01280066-reservas-de-estacionamiento-para-personas-con-movilidad-reducida,18,l01280066-reservas-de-estacionamiento-para-personas-con-movilidad-reducida,trafico,,,,generic,false,
2026-09-07T15:35:01.611009+00:00,humano_1,150||a05003423-poblacion-de-6-y-mas-anos-con-limitacion-de-la-actividad-diaria-que-necesita-ayuda-o-cuidados-de-otras-personas-segun-recepcion-de-la-ayuda-necesitada-grandes-comarcas-de-canarias-2018,150,a05003423-poblacion-de-6-y-mas-anos-con-limitacion-de-la-actividad-diaria-que-necesita-ayuda-o-cuidados-de-otras-personas-segun-recepcion-de-la-ayuda-necesitada-grandes-comarcas-de-canarias-2018,ayuda,,title,Población de 6 y más años con limitación de la actividad diaria que necesita ayuda o cuidados de otras personas según recepción de la ayuda necesitada. Grandes comarcas de Canarias.,subtype,true,
2026-09-07T15:35:15.363879+00:00,humano_1,16||l01140575-consumo-de-agua1,16,l01140575-consumo-de-agua1,agua,,title,Consumo de agua,direct_match,true,
2026-09-07T15:35:34.320552+00:00,humano_1,116||turismo-activo,116,turismo-activo,cultura,,,,generic,false,
2026-09-07T15:35:49.972804+00:00,humano_1,76||a08002880-residencias-comunitarias-incluidas-en-la-red-de-salud-mental-de-castilla-la-mancha,76,a08002880-residencias-comunitarias-incluidas-en-la-red-de-salud-mental-de-castilla-la-mancha,salud mental,,title,Residencias comunitarias incluidas en la Red de Salud Mental de Castilla-La Mancha,subtype,true,
2026-09-07T15:36:14.873920+00:00,humano_1,135||a19002898-tramitacion,135,a19002898-tramitacion,justicia,,description,Expedientes por Procedimiento y Unidad Responsable,subtype,true,
2026-09-07T15:36:48.339441+00:00,humano_1,31||a05003423-clasificacion-de-los-principales-factores-de-clima-empresarial-istac-cl_encuestas_factores_clima_empresarial,31,a05003423-clasificacion-de-los-principales-factores-de-clima-empresarial-istac-cl_encuestas_factores_clima_empresarial,clima,,title,Clasificación de los principales factores de clima empresarial,subtype,true,
2026-09-07T15:37:01.408641+00:00,humano_1,19||presupuesto-ingresos-2018,19,presupuesto-ingresos-2018,presupuestos,,title,Presupuesto ingresos 2018,direct_match,true,
2026-09-07T15:37:19.906680+00:00,humano_1,10||l01140608-poblacion1,10,l01140608-poblacion1,poblacion,,title,Población,direct_match,true,
2026-09-07T15:37:33.098898+00:00,humano_1,127||registro-de-fundaciones-de-la-comunidad-autonoma-de-la-region-de-murcia,127,registro-de-fundaciones-de-la-comunidad-autonoma-de-la-region-de-murcia,fundacion,,title,Registro de Fundaciones de la Comunidad Autónoma de la Región de Murcia,direct_match,true,
2026-09-07T15:37:47.354002+00:00,humano_1,126||praias-galegas-con-bandeira-azul-2019,126,praias-galegas-con-bandeira-azul-2019,banderas azules,,title,Playas gallegas con bandera azul en 2019,direct_match,true,
2026-09-07T15:37:56.436099+00:00,humano_1,150||l01280148-subvenciones-2024,150,l01280148-subvenciones-2024,ayudas,,title,Subvenciones 2024,direct_match,true,
2026-09-07T15:38:07.941470+00:00,humano_1,5||a05003423-poblacion-de-16-y-mas-anos-en-viviendas-familiares-no-ocupada-que-cursa-estudios-y-no-estudia-en-su-domicilio-ni-en-varios-municipios-segun-medios-de-desplazamiento-sexos-y-numero-de-viajes-municipios-por-islas-1-11-2001,5,a05003423-poblacion-de-16-y-mas-anos-en-viviendas-familiares-no-ocupada-que-cursa-estudios-y-no-estudia-en-su-domicilio-ni-en-varios-municipios-segun-medios-de-desplazamiento-sexos-y-numero-de-viajes-municipios-por-islas-1-11-2001,municipios,,title,Municipios por islas de Canarias,subtype,true,
2026-09-07T15:38:16.570179+00:00,humano_1,131||a04003003-caudal-agua-depurada-abaqua1,131,a04003003-caudal-agua-depurada-abaqua1,playa,,,,unrelated,false,
2026-09-07T15:38:24.472488+00:00,humano_1,84||l01280148-eso-centros-concertados-unidades-2010-20171,84,l01280148-eso-centros-concertados-unidades-2010-20171,cnae,,,,unrelated,false,
2026-09-07T15:38:39.051893+00:00,humano_1,17||coches-de-alquiler,17,coches-de-alquiler,alquiler,,title,Coches de Alquiler,subtype,true,
2026-09-07T15:38:59.647093+00:00,humano_1,83||organizaciones-empresariales,83,organizaciones-empresariales,cooperativa,,title,Organizaciones empresariales,subtype,true,
2026-09-07T15:39:19.449471+00:00,humano_1,98||a04003003-equipamiento-sanitario,98,a04003003-equipamiento-sanitario,centros de salud,,,,insufficient_evidence,false,
2026-09-07T15:39:38.781293+00:00,humano_1,1||a06004074-poblacion-reclusa,1,a06004074-poblacion-reclusa,aulas hospitalarias,andalucia,,,unrelated,false,
2026-09-07T15:39:53.628999+00:00,humano_1,48||l01080193-inventario-de-los-separadores-de-carriles-bici-de-la-red-de-infraestructuras-de-la-ciudad-de-barcelona,48,l01080193-inventario-de-los-separadores-de-carriles-bici-de-la-red-de-infraestructuras-de-la-ciudad-de-barcelona,carreteras,,title,Inventario de los separadores de carriles bici de la red de infraestructuras de la ciudad de Barcelona,subtype,true,
2026-09-07T15:40:34.558736+00:00,humano_1,95||i00000687-contratos-por-procedimiento-con-negociado-con-publicidad1,95,i00000687-contratos-por-procedimiento-con-negociado-con-publicidad1,venta,,,,unrelated,false,
2026-09-07T15:41:05.120586+00:00,humano_1,25||a01002820-centros-educativos-bilingues-en-andalucia,25,a01002820-centros-educativos-bilingues-en-andalucia,centro educativo,,title,Centros educativos bilingües en Andalucía,direct_match,true,
2026-09-07T15:41:29.819882+00:00,humano_1,54||l01140288-gestion-de-residuos-epremasa1,54,l01140288-gestion-de-residuos-epremasa1,residuo,,title,Gestión de residuos,subtype,true,
2026-09-07T15:42:28.123989+00:00,humano_1,4||registro_sociedades_laborales,4,registro_sociedades_laborales,empresa,,title,Registro Administrativo de Sociedades Laborales,subtype,true,
2026-09-07T15:42:48.094023+00:00,humano_1,118||a05003423-poblacion-de-16-y-mas-anos-que-ha-sido-atendida-en-un-hospital-de-dia-en-los-ultimos-12-meses-segun-calidad-de-la-atencion-recibida-en-los-hospitales-de-dia-publicos-o-concertados-y-grupos-de-edad-canarias-2021,118,a05003423-poblacion-de-16-y-mas-anos-que-ha-sido-atendida-en-un-hospital-de-dia-en-los-ultimos-12-meses-segun-calidad-de-la-atencion-recibida-en-los-hospitales-de-dia-publicos-o-concertados-y-grupos-de-edad-canarias-2021,hospitales,,title,Población de 16 y más años que ha sido atendida en un hospital de día en los últimos 12 meses según calidad de la atención recibida en los hospitales de día públicos o concertados y grupos de edad.,subtype,true,
2026-09-07T15:42:58.982861+00:00,humano_1,103||i00000687-bienes-e-inmuebles1,103,i00000687-bienes-e-inmuebles1,bien cultural,,,,unrelated,false,
2026-09-07T15:43:07.619923+00:00,humano_1,22||l01280148-registro-de-entrada-unidades-administrativas-2010,22,l01280148-registro-de-entrada-unidades-administrativas-2010,provincia,,,,unrelated,false,
2026-09-07T15:43:15.088329+00:00,humano_1,38||a06004074-relieve,38,a06004074-relieve,catastro,,,,unrelated,false,
2026-09-07T15:43:39.553783+00:00,humano_1,31||101017,31,101017,clima,,title,Días de nieve por observatorios,subtype,true,
2026-09-07T15:43:46.241372+00:00,humano_1,41||l01030092-bajas-en-padron,41,l01030092-bajas-en-padron,aemet,,,,unrelated,false,
2026-09-07T15:43:55.644834+00:00,humano_1,135||l01280148-bienestar-social-asesoria-juridica-edades-de-los-usuarios-atendidos-2016,135,l01280148-bienestar-social-asesoria-juridica-edades-de-los-usuarios-atendidos-2016,justicia,,title,Asesoría Jurídica,subtype,true,
2026-09-07T15:44:10.204049+00:00,humano_1,15||l01140410-flota-de-vehiculos-municipales1,15,l01140410-flota-de-vehiculos-municipales1,vehiculo,,title,Flota de vehículos municipales,direct_match,true,
2026-09-07T15:44:21.702971+00:00,humano_1,116||l02000006-centros-culturales-de-la-provincia-de-badajoz,116,l02000006-centros-culturales-de-la-provincia-de-badajoz,cultura,,title,Centros Culturales,direct_match,true,
2026-09-07T15:44:29.939354+00:00,humano_1,150||l01140410-subvenciones1,150,l01140410-subvenciones1,ayudas,,title,Subvenciones,direct_match,true,
2026-09-07T15:44:37.868584+00:00,humano_1,57||l01030092-altas-en-padron,57,l01030092-altas-en-padron,festivo,,,,unrelated,false,
2026-09-07T15:44:51.036361+00:00,humano_1,13||l01290672-relacion-alfabetica-de-calles,13,l01290672-relacion-alfabetica-de-calles,codigos postales,,title,Relación alfabética de calles por código postal,direct_match,true,
2026-09-07T15:45:03.340018+00:00,humano_1,73||ea0010587-hoteles-y-alojamientos-similares-grupo-551-cnae-2009-principales-empresas-por-desglose-de-la-cifra-de-negocios-segun-el-tipo-de-cliente-identificador-api-67509,73,ea0010587-hoteles-y-alojamientos-similares-grupo-551-cnae-2009-principales-empresas-por-desglose-de-la-cifra-de-negocios-segun-el-tipo-de-cliente-identificador-api-67509,hoteles,,title,Hoteles y alojamientos similares,direct_match,true,
2026-09-07T15:47:43.086569+00:00,humano_1,42||l01140713-elecciones1,42,l01140713-elecciones1,elecciones,,title,Elecciones,direct_match,true,
2026-09-07T15:47:53.664051+00:00,humano_1,103||a04003003-equipamiento-educativo,103,a04003003-equipamiento-educativo,bien cultural,,,,unrelated,false,
2026-09-07T15:48:05.337051+00:00,humano_1,142||e05073401-estudiantes-y-profesores-extranjeros-resultados-nacionales-numero-de-estudiantes-extranjeros-en-el-sistema-universitario-espanol-sue-incluidos-los-provenientes-por-programas-de-movilidad-por-tipo-y-modalidad-de-la-universidad-pais-de-nacionalidad-sexo-y-tipo-de-estudiante,142,e05073401-estudiantes-y-profesores-extranjeros-resultados-nacionales-numero-de-estudiantes-extranjeros-en-el-sistema-universitario-espanol-sue-incluidos-los-provenientes-por-programas-de-movilidad-por-tipo-y-modalidad-de-la-universidad-pais-de-nacionalidad-sexo-y-tipo-de-estudiante,estudiantes,,title,Número de estudiantes extranjeros en el Sistema Universitario Español,direct_match,true,
2026-09-07T15:48:12.698810+00:00,humano_1,102||l01140713-gestion-de-residuos-epremasa1,102,l01140713-gestion-de-residuos-epremasa1,renfe,,,,unrelated,false,
2026-09-07T15:48:40.060243+00:00,humano_1,39||ea0010587-motivo-por-el-que-considera-que-no-encuentra-empleo-por-sexo-poblacion-de-16-y-mas-anos-con-discapacidad-que-esta-buscando-empleo-identificador-api-51886,39,ea0010587-motivo-por-el-que-considera-que-no-encuentra-empleo-por-sexo-poblacion-de-16-y-mas-anos-con-discapacidad-que-esta-buscando-empleo-identificador-api-51886,empleo,,title,Motivo por el que considera que no encuentra empleo por sexo,subtype,true,
2026-09-08T08:30:01.223202+00:00,humano_1,125||familias-por-decil-de-renta-familiar-de-la-c-a-de-euskadi-segun-territorio-historico-y-sexo-de-la-persona-perceptora-principal,125,familias-por-decil-de-renta-familiar-de-la-c-a-de-euskadi-segun-territorio-historico-y-sexo-de-la-persona-perceptora-principal,renta,,title,"Familias por decil de renta familiar de la C.A. de Euskadi, según territorio histórico y sexo de la persona perceptora principal (%).",direct_match,true,
2026-09-08T08:30:09.097116+00:00,humano_1,104||incidencias_via_publica_resueltas,104,incidencias_via_publica_resueltas,ipc,,,,unrelated,false,
2026-09-08T08:32:50.309163+00:00,humano_1,98||u01600001-listado-de-centros,98,u01600001-listado-de-centros,centro de salud,,,,unrelated,false,
2026-09-08T08:33:09.697520+00:00,humano_1,127||a03002951-registro-fundaciones-docentes-culturales-asturias,127,a03002951-registro-fundaciones-docentes-culturales-asturias,fundacion,,title,Registro de fundaciones docentes y culturales del Principado de Asturias,direct_match,true,
2026-09-08T08:33:35.270918+00:00,humano_1,46||oai-zaguan-unizar-es-95026,46,oai-zaguan-unizar-es-95026,calidad del aire,,title,"Zaragoza, Historic air quality sensor raw observations",direct_match,true,
2026-09-08T08:33:46.450053+00:00,humano_1,95||l01280148-contratos-menores-2023,95,l01280148-contratos-menores-2023,venta,,,,unrelated,false,
2026-09-08T08:33:56.872634+00:00,humano_1,57||a02002834-calendario-de-festivos-en-comunidad-de-aragon-20141,57,a02002834-calendario-de-festivos-en-comunidad-de-aragon-20141,festivo,,title,Calendario de festivos en comunidad de Aragón 2014,direct_match,true,
2026-09-08T08:34:12.712680+00:00,humano_1,91||a05003423-conceptos-operacionales-de-la-estadistica-de-calidad-del-aire-en-canarias-istac-cso_e23041b,91,a05003423-conceptos-operacionales-de-la-estadistica-de-calidad-del-aire-en-canarias-istac-cso_e23041b,contaminacion,,description,Esquema de conceptos operacionales para la publicación de datos de la Estadística de Calidad del Aire en Canarias.,subtype,true,
2026-09-08T08:34:32.736880+00:00,humano_1,42||a05003423-resultados-de-elecciones-municipales-segun-candidaturas-canarias-hasta-escala-de-secciones-electorales-elecciones-de-22-de-mayo-de-2011,42,a05003423-resultados-de-elecciones-municipales-segun-candidaturas-canarias-hasta-escala-de-secciones-electorales-elecciones-de-22-de-mayo-de-2011,eleccion,,description,Datos sobre los votos a candidaturas y el número de representantes elegidos (Concejales/Concejalas) para las elecciones Municipales de 2011. Los indicadores se disponen desde el total de la Comunidad Autónoma de Canarias hasta distritos y secciones.,direct_match,true,
2026-09-08T08:34:49.726153+00:00,humano_1,63||ea0010587-agenda-2030-ods-tasa-de-crecimiento-del-pib-generado-por-el-turismo-identificador-api-180-8,63,ea0010587-agenda-2030-ods-tasa-de-crecimiento-del-pib-generado-por-el-turismo-identificador-api-180-8,pib,,title,Agenda 2030 ODS - Tasa de crecimiento del PIB generado por el turismo,direct_match,true,
2026-09-08T08:35:01.491764+00:00,humano_1,141||l01080193-inventario-de-estacionamientos-reservados-de-la-red-de-infraestructuras-de-la-ciudad-de-barcelona1,141,l01080193-inventario-de-estacionamientos-reservados-de-la-red-de-infraestructuras-de-la-ciudad-de-barcelona1,curvas de nivel,,,,unrelated,false,
2026-09-08T08:36:06.741000+00:00,humano_1,80||l01280148-abonos-deportivos-3-trimestre-2017,80,l01280148-abonos-deportivos-3-trimestre-2017,deporte,,title,Abonos Deportivos. 3º Trimestre 2017,subtype,true,
2026-09-08T08:36:21.837797+00:00,humano_1,94||u01200001-estudiantes-matriculados-grado-2023-2024,94,u01200001-estudiantes-matriculados-grado-2023-2024,colegios,,,,generic,false,
2026-09-08T08:36:34.691152+00:00,humano_1,58||ea0010587-delitos-segun-sexo-cona-identificador-api-26022,58,ea0010587-delitos-segun-sexo-cona-identificador-api-26022,delitos,,title,Delitos según sexo. CONA,direct_match,true,
2026-09-08T08:36:46.412710+00:00,humano_1,47||l01280148-callejero-coordenadas-calles,47,l01280148-callejero-coordenadas-calles,callejero,,title,Callejero. Coordenadas calles,direct_match,true,
2026-09-08T08:37:27.692354+00:00,humano_1,141||l03380010-zona-de-flujo-preferente-0006,141,l03380010-zona-de-flujo-preferente-0006,curvas de nivel,,,,unrelated,false,
2026-09-08T08:37:43.350670+00:00,humano_1,59||l01140364-adjudicatarios-de-obras1,59,l01140364-adjudicatarios-de-obras1,licitaciones,,description,Listado de adjudicatarios de licitaciones correspondientes a obras,subtype,true,
2026-09-08T08:37:59.399939+00:00,humano_1,83||registro_cooperativas,83,registro_cooperativas,cooperativas,,title,Registro de Cooperativas,direct_match,true,
2026-09-08T08:38:18.278395+00:00,humano_1,104||a05003423-uso-de-ordenador-en-los-ultimos-3-meses-segun-frecuencias-de-uso-por-islas-de-canarias-2010,104,a05003423-uso-de-ordenador-en-los-ultimos-3-meses-segun-frecuencias-de-uso-por-islas-de-canarias-2010,ipc,,,,unrelated,false,
2026-09-08T08:38:50.488211+00:00,humano_1,39||a05003423-personal-de-la-empresa-ocupacion-y-formacion-en-tic-segun-agrupaciones-de-actividad-cnae-93-en-canarias-20061,39,a05003423-personal-de-la-empresa-ocupacion-y-formacion-en-tic-segun-agrupaciones-de-actividad-cnae-93-en-canarias-20061,empleo,,description,Personal de la empresa: Ocupación y formación en TIC según agrupaciones de actividad,subtype,true,
2026-09-08T08:39:04.663725+00:00,humano_1,90||l01080193-listado-de-equipamientos-de-restaurantes-de-la-ciudad-de-barcelona,90,l01080193-listado-de-equipamientos-de-restaurantes-de-la-ciudad-de-barcelona,restaurantes,,title,Listado de equipamientos de restaurantes de la ciudad de Barcelona,subtype,true,
2026-09-08T08:39:18.919830+00:00,humano_1,68||l02000020-variaciones-en-el-padron-municipal-de-habitantes-del-ayuntamiento-de-mendaro-ayuntamiento-de-mendaro,68,l02000020-variaciones-en-el-padron-municipal-de-habitantes-del-ayuntamiento-de-mendaro-ayuntamiento-de-mendaro,ayuntamientos,,title,Variaciones en el Padrón Municipal de Habitantes del Ayuntamiento de Mendaro - Ayuntamiento de Mendaro,subtype,true,
2026-09-08T08:40:45.193782+00:00,humano_1,24||u01600001-tesis-dirigidas-en-la-uc,24,u01600001-tesis-dirigidas-en-la-uc,universidades,,title,Tesis dirigidas en la UC,subtype,true,
2026-09-08T08:41:02.061860+00:00,humano_1,86||ea0010587-aprovechamiento-de-las-tierras-labradas-en-regadio-identificador-api-t01-p044-a2016-ccaa05-l0-0105-px,86,ea0010587-aprovechamiento-de-las-tierras-labradas-en-regadio-identificador-api-t01-p044-a2016-ccaa05-l0-0105-px,agricultura,,description,Tabla de INEbase Aprovechamiento de las tierras labradas en regadío. Nacional. Encuesta sobre la Estructura de las Explotaciones Agrícolas,subtype,true,
2026-09-08T08:41:22.842198+00:00,humano_1,80||l01280148-cursillos-deportivos-1-trimestre-20181,80,l01280148-cursillos-deportivos-1-trimestre-20181,deporte,,title,Cursillos Deportivos. 1º Trimestre 2018,subtype,true,
2026-09-08T08:41:38.421794+00:00,humano_1,42||a05003423-resultados-de-elecciones-al-senado-segun-candidaturas-canarias-hasta-escala-de-municipios-elecciones-de-9-de-marzo-de-2008,42,a05003423-resultados-de-elecciones-al-senado-segun-candidaturas-canarias-hasta-escala-de-municipios-elecciones-de-9-de-marzo-de-2008,elecciones,,title,Resultados de elecciones al Senado según candidaturas. Canarias hasta escala de municipios. Elecciones de 9 de marzo de 2008,direct_match,true,
2026-09-08T08:41:53.983561+00:00,humano_1,109||ea0010587-defunciones-por-causas-lista-reducida-sexo-y-nacionalidad-ecm-identificador-api-t15-p417-a2007-l0-01002b-px,109,ea0010587-defunciones-por-causas-lista-reducida-sexo-y-nacionalidad-ecm-identificador-api-t15-p417-a2007-l0-01002b-px,defunciones,,title,"Defunciones por causas (lista reducida), sexo y nacionalidad. ECM",direct_match,true,
2026-09-08T08:42:10.753955+00:00,humano_1,1||institutos-lorca,1,institutos-lorca,aulas hospitalarias,andalucia,,,unrelated,false,
2026-09-08T08:42:26.468448+00:00,humano_1,121||a06004074-registro-central-de-personal,121,a06004074-registro-central-de-personal,matriculaciones,,,,unrelated,false,
2026-09-08T08:42:41.997221+00:00,humano_1,140||l01080193-inventario-de-las-especies-de-arbolado-del-atlas-de-la-biodiversidad-de-la-ciudad-de-barcelona,140,l01080193-inventario-de-las-especies-de-arbolado-del-atlas-de-la-biodiversidad-de-la-ciudad-de-barcelona,cartografia,,,,unrelated,false,
2026-09-08T08:42:53.596240+00:00,humano_1,108||a05003423-conceptos-de-medida-de-la-estadistica-de-encuesta-sobre-el-gasto-turistico-de-canarias-istac-csm_c00028a,108,a05003423-conceptos-de-medida-de-la-estadistica-de-encuesta-sobre-el-gasto-turistico-de-canarias-istac-csm_c00028a,censo,,,,unrelated,false,
2026-09-08T08:43:08.490299+00:00,humano_1,22||datos-de-entidades-menores,22,datos-de-entidades-menores,provincias,,,,unrelated,false,
2026-09-08T08:43:24.108167+00:00,humano_1,10||l02000014-poblacion-por-unidad-poblacional1,10,l02000014-poblacion-por-unidad-poblacional1,poblacion,,title,Población por unidad poblacional,direct_match,true,
2026-09-08T08:43:41.269541+00:00,humano_1,111||101018,111,101018,precipitacion,,title,Días de granizo por observatorios,direct_match,true,
2026-09-08T08:44:26.042694+00:00,humano_1,22||ea0042931-tabla-15-consumos-por-provincias-y-segmento-de-mercado-por-provincia-y-ultimo-ano,22,ea0042931-tabla-15-consumos-por-provincias-y-segmento-de-mercado-por-provincia-y-ultimo-ano,provincia,,title,Consumos por provincias y segmento de mercado. Por provincia y último año,subtype,true,
2026-09-08T08:44:42.195998+00:00,humano_1,1||ea0010587-altas-hospitalarias-y-estancias-causadas-segun-el-sexo-y-el-diagnostico-principal-identificador-api-74875,1,ea0010587-altas-hospitalarias-y-estancias-causadas-segun-el-sexo-y-el-diagnostico-principal-identificador-api-74875,aulas hospitalarias,,,,unrelated,false,
2026-09-08T08:44:52.300713+00:00,humano_1,126||l01290672-zona-de-bajas-emisiones-cabinas,126,l01290672-zona-de-bajas-emisiones-cabinas,banderas azules,,,,unrelated,false,
2026-09-08T08:45:06.841965+00:00,humano_1,66||consumo-semanal-de-las-familias-de-la-c-a-de-euskadi-y-proporcion-de-familias-consumidoras-en-el-mes-por-tamano-de-familia-y-tipo-de-producto,66,consumo-semanal-de-las-familias-de-la-c-a-de-euskadi-y-proporcion-de-familias-consumidoras-en-el-mes-por-tamano-de-familia-y-tipo-de-producto,consumo,,title,Consumo semanal de las familias de la C.A. de Euskadi y proporción de familias consumidoras (en el mes) por tamaño de familia y tipo de producto.,direct_match,true,
2026-09-08T08:45:17.811123+00:00,humano_1,150||l01140023-subvenciones1,150,l01140023-subvenciones1,ayudas,,title,Subvenciones,direct_match,true,
2026-09-08T08:45:30.739534+00:00,humano_1,121||u01200001-estudiantes-matriculados-por-nacionalidad-master-2023-2024,121,u01200001-estudiantes-matriculados-por-nacionalidad-master-2023-2024,matriculaciones,,title,Estudiantes matriculados por nacionalidad máster 2023-2024,direct_match,true,
2026-09-08T08:45:43.688938+00:00,humano_1,101||estadistica-de-contratos-menores-por-ejercicio,101,estadistica-de-contratos-menores-por-ejercicio,contratos,,title,Estadística de contratos menores por ejercicio,direct_match,true,
2026-09-08T08:45:56.367765+00:00,humano_1,65||l01280148-registro-entrada-n-registros-fecha-1-trimestre-2024,65,l01280148-registro-entrada-n-registros-fecha-1-trimestre-2024,calendario,,,,generic,false,
2026-09-08T08:46:48.641704+00:00,humano_1,105||a05003423-altas-de-fondos-en-bibliotecas-islas-de-canarias-y-anos,105,a05003423-altas-de-fondos-en-bibliotecas-islas-de-canarias-y-anos,libro,,,,insufficient_evidence,false,
2026-09-08T08:47:09.737689+00:00,humano_1,71||602033,71,602033,covid,,,,insufficient_evidence,false,
2026-09-08T08:47:20.100037+00:00,humano_1,141||a07002862-incidencias-en-la-red-de-carreteras-titularidad-de-la-junta-de-castilla-y-leon1,141,a07002862-incidencias-en-la-red-de-carreteras-titularidad-de-la-junta-de-castilla-y-leon1,curvas de nivel,,,,unrelated,false,
2026-09-08T08:47:53.207417+00:00,humano_1,68||l01080193-tipologias-de-las-placas-fotovoltaicas-municipales-en-la-ciudad-de-barcelona,68,l01080193-tipologias-de-las-placas-fotovoltaicas-municipales-en-la-ciudad-de-barcelona,ayuntamiento,,,,insufficient_evidence,false,
2026-09-08T08:48:04.828725+00:00,humano_1,49||a05003423-accidentes-de-trabajo-con-baja-en-jornada-de-trabajo-segun-tipos-de-contrato-y-sexos-canarias-y-anos,49,a05003423-accidentes-de-trabajo-con-baja-en-jornada-de-trabajo-segun-tipos-de-contrato-y-sexos-canarias-y-anos,calendario laboral,,,,unrelated,false,
2026-09-08T08:48:20.449558+00:00,humano_1,131||l01140305-zonas-ajardinadas,131,l01140305-zonas-ajardinadas,playas,,,,unrelated,false,
2026-09-08T08:48:37.991295+00:00,humano_1,95||l01140425-mercados-municipales,95,l01140425-mercados-municipales,ventas,,,,unrelated,false,
2026-09-08T08:48:53.736412+00:00,humano_1,76||a05003423-poblacion-de-16-y-mas-anos-segun-estado-de-salud-mental-y-clases-sociales-basadas-en-la-ocupacion-de-la-persona-de-referencia-canarias-2021,76,a05003423-poblacion-de-16-y-mas-anos-segun-estado-de-salud-mental-y-clases-sociales-basadas-en-la-ocupacion-de-la-persona-de-referencia-canarias-2021,salud mental,,title,Población de 16 y más años según estado de salud mental y clases sociales basadas en la ocupación de la persona de referencia. Canarias. 2021,direct_match,true,
2026-09-08T08:50:39.423212+00:00,humano_1,57||calendario-de-festivos-en-comunidad-de-aragon-2025,57,calendario-de-festivos-en-comunidad-de-aragon-2025,festivo,,title,Calendario de festivos en comunidad de Aragón 2025,direct_match,true,
2026-09-08T08:51:23.234590+00:00,humano_1,105||a01002820-publicaciones-de-la-junta-de-andalucia,105,a01002820-publicaciones-de-la-junta-de-andalucia,libros,,,,unrelated,false,
2026-09-08T08:51:41.564364+00:00,humano_1,35||l01280148-relacion-subvenciones-asociaciones-2011,35,l01280148-relacion-subvenciones-asociaciones-2011,asociaciones,,title,Relación subvenciones asociaciones. 2011,subtype,true,
2026-09-08T08:52:00.344199+00:00,humano_1,139||l01380380-instalaciones-culturales1,139,l01380380-instalaciones-culturales1,arqueologia,,,,insufficient_evidence,false,
2026-09-08T08:52:36.426471+00:00,humano_1,31||l01080193-red-de-refugios-climaticos-en-la-ciudad-de-barcelona,31,l01080193-red-de-refugios-climaticos-en-la-ciudad-de-barcelona,clima,,title,Red de refugios climáticos en la ciudad de Barcelona,subtype,true,
2026-09-08T08:53:00.128985+00:00,humano_1,114||l01080193-tipologia-del-parque-de-vehiculos-de-la-ciudad-de-barcelona,114,l01080193-tipologia-del-parque-de-vehiculos-de-la-ciudad-de-barcelona,movilidad,,,,generic,false,
2026-09-08T08:53:11.168941+00:00,humano_1,13||l01140235-gestion-de-residuos-epremasa1,13,l01140235-gestion-de-residuos-epremasa1,codigo postal,,,,unrelated,false,
2026-09-08T08:53:22.117421+00:00,humano_1,68||l01280148-secciones-censales-del-municipio,68,l01280148-secciones-censales-del-municipio,ayuntamiento,,,,generic,false,
2026-09-08T08:53:39.577324+00:00,humano_1,90||cafeterias-y-restaurantes-en-la-comunidad-autonoma-de-aragon,90,cafeterias-y-restaurantes-en-la-comunidad-autonoma-de-aragon,restaurantes,,title,Cafeterías y restaurantes en la Comunidad Autónoma de Aragón,direct_match,true,
2026-09-08T08:53:46.188111+00:00,humano_1,45||a04003003-punto-de-recarga-de-vehiculos-electricos1,45,a04003003-punto-de-recarga-de-vehiculos-electricos1,incendios,,,,unrelated,false,
2026-09-08T08:54:02.745990+00:00,humano_1,71||a04003003-datos-covid-19-vacunaciones-dosis-adicionales-illes-balears1,71,a04003003-datos-covid-19-vacunaciones-dosis-adicionales-illes-balears1,covid,,title,Datos COVID-19 Vacunaciones Dosis Adicionales Illes Balears,direct_match,true,
2026-09-08T08:54:15.159178+00:00,humano_1,136||l01360577-museos-de-vigo,136,l01360577-museos-de-vigo,museos,,title,Museos de Vigo,direct_match,true,
2026-09-08T08:54:55.174618+00:00,humano_1,53||l02000008-equipamientos-deportivos-locales,53,l02000008-equipamientos-deportivos-locales,futbol,,content,"esports1059,camp de futbol",subtype,true,
2026-09-08T08:55:11.914469+00:00,humano_1,116||asociaciones-culturales,116,asociaciones-culturales,cultura,,title,Asociaciones culturales y tradiciones populares,subtype,true,
2026-09-08T08:55:20.422454+00:00,humano_1,89||801195,89,801195,cancer,,,,unrelated,false,
2026-09-08T08:55:32.340897+00:00,humano_1,38||l01280148-catastro-urbano-1988,38,l01280148-catastro-urbano-1988,catastro,,title,Planos Catastro Parcelario Urbano. 1988,direct_match,true,
2026-09-08T08:56:42.242764+00:00,humano_1,1||ea0010587-altas-hospitalarias-segun-el-sexo-el-diagnostico-principal-la-provincia-comunidad-y-ciudad-autonoma-de-hospitalizacion-identificador-api-49025,1,ea0010587-altas-hospitalarias-segun-el-sexo-el-diagnostico-principal-la-provincia-comunidad-y-ciudad-autonoma-de-hospitalizacion-identificador-api-49025,aulas hospitalarias,andalucia,,,insufficient_evidence,false,
2026-09-08T08:56:48.528697+00:00,humano_1,55||l01081691-calendaris-de-dies-festius,55,l01081691-calendaris-de-dies-festius,dgt,,,,unrelated,false,
2026-09-08T08:57:00.432838+00:00,humano_1,54||residuos_peligrosos_tratamiento,54,residuos_peligrosos_tratamiento,residuos,,title,Tratamiento de residuos peligrosos,subtype,true,
2026-09-08T08:57:10.209673+00:00,humano_1,102||l01140431-gestion-de-residuos-epremasa1,102,l01140431-gestion-de-residuos-epremasa1,renfe,,,,unrelated,false,
2026-09-08T08:57:23.029565+00:00,humano_1,25||educa-colegios,25,educa-colegios,centros educativos,,title,Centros de Educación Infantil y Primaria (Públicos),direct_match,true,
2026-09-08T08:57:37.387355+00:00,humano_1,73||turismo-casas-rurales,73,turismo-casas-rurales,hoteles,,,,generic,false,
2026-09-08T08:57:50.228683+00:00,humano_1,3||a05003423-hogares-segun-deficiencias-de-la-vivienda-y-tipos-de-viviendas-canarias-2007,3,a05003423-hogares-segun-deficiencias-de-la-vivienda-y-tipos-de-viviendas-canarias-2007,vivienda,,title,Hogares según deficiencias de la vivienda y tipos de viviendas. Canarias. 2007.,subtype,true,
2026-09-08T08:58:02.103181+00:00,humano_1,18||l01280148-parque-vehiculos-automoviles-2013-2015-evolucion,18,l01280148-parque-vehiculos-automoviles-2013-2015-evolucion,trafico,,,,generic,false,
2026-09-08T08:58:24.396622+00:00,humano_1,102||l01280066-servicios-de-autobus1,102,l01280066-servicios-de-autobus1,renfe,,,,generic,false,
2026-09-08T08:58:32.099183+00:00,humano_1,126||l01080193-tipologias-de-las-placas-fotovoltaicas-municipales-en-la-ciudad-de-barcelona,126,l01080193-tipologias-de-las-placas-fotovoltaicas-municipales-en-la-ciudad-de-barcelona,banderas azules,,,,unrelated,false,
2026-09-08T08:58:48.276634+00:00,humano_1,139||museos-en-la-region-de-murcia,139,museos-en-la-region-de-murcia,arqueologia,,,,insufficient_evidence,false,
2026-09-08T08:59:42.942174+00:00,humano_1,25||l03380010-centros-de-educacion,25,l03380010-centros-de-educacion,centros educativos,,title,centros de educacion,direct_match,true,
2026-09-08T08:59:58.119531+00:00,humano_1,66||consumo-anual-de-las-familias-de-la-c-a-de-euskadi-y-proporcion-de-familias-consumidoras-por-edad-del-sustentador-principal-y-grupo-de-productos,66,consumo-anual-de-las-familias-de-la-c-a-de-euskadi-y-proporcion-de-familias-consumidoras-por-edad-del-sustentador-principal-y-grupo-de-productos,consumo,,title,Consumo anual de las familias de la C.A. de Euskadi y proporción de familias consumidoras por edad del sustentador principal y grupo de productos.,direct_match,true,
2026-09-08T09:00:05.715003+00:00,humano_1,123||l01080193-padro-de-vehiculos-evolucion-del-parque-de-vehiculos-de-la-ciutat-de-barcelona,123,l01080193-padro-de-vehiculos-evolucion-del-parque-de-vehiculos-de-la-ciutat-de-barcelona,dana,,,,unrelated,false,
2026-09-08T09:01:11.993653+00:00,humano_1,29||ea0001302-estacion-meteorologica-adossat,29,ea0001302-estacion-meteorologica-adossat,temperatura,,header,tem_avg,direct_match,true,
2026-09-08T09:01:46.679865+00:00,humano_1,42||l01140253-elecciones1,42,l01140253-elecciones1,elecciones,,description,"Resultados de las últimas elecciones generales, autonómica y locales celebradas",direct_match,true,
2026-09-08T09:02:08.958259+00:00,humano_1,140||l01080193-valores-catastrales-de-los-cargos-de-la-ciudad-de-barcelona,140,l01080193-valores-catastrales-de-los-cargos-de-la-ciudad-de-barcelona,cartografia,,,,unrelated,false,
2026-09-08T09:02:20.946260+00:00,humano_1,16||l01030092-bajas-en-padron,16,l01030092-bajas-en-padron,agua,,,,unrelated,false,
2026-09-08T09:02:40.600439+00:00,humano_1,114||a17002943-transportistas-de-ganado1,114,a17002943-transportistas-de-ganado1,movilidad,,,,generic,false,
2026-09-08T09:03:09.168656+00:00,humano_1,37||a07002862-consumos-horarios-de-electricidad-de-los-hospitales-de-castilla-y-leon1,37,a07002862-consumos-horarios-de-electricidad-de-los-hospitales-de-castilla-y-leon1,energia,,title,Consumos horarios de electricidad de los hospitales de Castilla y León,direct_match,true,
2026-09-08T09:03:15.772893+00:00,humano_1,63||l01080193-inventario-de-los-bancos-publicos-de-la-red-de-infraestructuras-de-la-ciudad-de-barcelona,63,l01080193-inventario-de-los-bancos-publicos-de-la-red-de-infraestructuras-de-la-ciudad-de-barcelona,pib,,,,unrelated,false,
2026-09-08T09:03:27.930538+00:00,humano_1,92||l01140636-gestion-de-residuos-epremasa1,92,l01140636-gestion-de-residuos-epremasa1,gasolineras,,,,unrelated,false,
2026-09-08T09:04:12.227407+00:00,humano_1,62||a04003003-actuaciones-gestion-saneamiento-depuracion-programa-medidas-abaqua1,62,a04003003-actuaciones-gestion-saneamiento-depuracion-programa-medidas-abaqua1,embalses,,,,insufficient_evidence,false,
2026-09-08T09:04:24.161021+00:00,humano_1,51||l01280148-paro-registrado-2025,51,l01280148-paro-registrado-2025,paro,,title,Paro registrado 2025,direct_match,true,
2026-09-08T09:04:41.098827+00:00,humano_1,5||l01140478-mercados-municipales,5,l01140478-mercados-municipales,municipios,,,,generic,false,
2026-09-08T09:04:54.724913+00:00,humano_1,148||a17002943-capturas-de-pesca-temporada-20151,148,a17002943-capturas-de-pesca-temporada-20151,pesca,,title,Capturas de pesca temporada 2015,direct_match,true,
