pair_key,id_query,id_dataset,h1,h2,h3,human_majority
123||ea0042931-precio-final-horas-provisionales-2020,123,ea0042931-precio-final-horas-provisionales-2020,False,False,False,False
68||a04003003-distritos-censales1,68,a04003003-distritos-censales1,False,False,False,False
10||a06004074-censo-de-ganado2,10,a06004074-censo-de-ganado2,True,True,False,True
150||l01280148-subvenciones-2022,150,l01280148-subvenciones-2022,True,True,True,True
11||a04003003-zonas-interes-minero1,11,a04003003-zonas-interes-minero1,False,False,False,False
54||l01140060-gestion-de-residuos-epremasa1,54,l01140060-gestion-de-residuos-epremasa1,True,True,True,True
47||l01140517-callejero1,47,l01140517-callejero1,True,True,True,True
4||l01280148-cartas-de-servicios1,4,l01280148-cartas-de-servicios1,False,False,False,False
84||a05003423-estancias-causadas-en-hospitales-de-canarias-segun-comunidades-y-provincias-de-residencia-2014,84,a05003423-estancias-causadas-en-hospitales-de-canarias-segun-comunidades-y-provincias-de-residencia-2014,False,False,False,False
37||a09002970-instalacion-de-produccion-de-energia-electrica-datos-individualizados,37,a09002970-instalacion-de-produccion-de-energia-electrica-datos-individualizados,True,True,True,True
140||a02002834-carreteras-informacion-geografica1,140,a02002834-carreteras-informacion-geografica1,True,True,True,True
113||l01140673-consumo-electrico-municipal,113,l01140673-consumo-electrico-municipal,True,True,True,True
53||a04003003-puntos-limpio,53,a04003003-puntos-limpio,False,False,False,False
103||turismo-visitas-concertadas,103,turismo-visitas-concertadas,False,False,True,False
38||l01280148-bienestar-social-emergencia-social,38,l01280148-bienestar-social-emergencia-social,False,False,False,False
45||a04003003-estaciones-bombeo-abastecimiento-abaqua1,45,a04003003-estaciones-bombeo-abastecimiento-abaqua1,True,True,False,True
73||l01140121-alojamientos-de-turismo1,73,l01140121-alojamientos-de-turismo1,True,True,True,True
100||ea0010587-emigraciones-de-extranjeros-al-extranjero-clasificadas-por-pais-de-destino-y-grupos-de-edad-identificador-api-t20-p307-a2007-l0-020922-px,100,ea0010587-emigraciones-de-extranjeros-al-extranjero-clasificadas-por-pais-de-destino-y-grupos-de-edad-identificador-api-t20-p307-a2007-l0-020922-px,True,True,True,True
94||u01200001-estudiantes-matriculados-por-residencia-familiar-grado-2024-2025,94,u01200001-estudiantes-matriculados-por-residencia-familiar-grado-2024-2025,False,False,False,False
46||l02000014-gestion-de-residuos-epremasa1,46,l02000014-gestion-de-residuos-epremasa1,False,False,False,False
16||ea0010587-usos-del-agua-reutilizada-por-comunidades-y-ciudades-autonomas-tipo-de-uso-y-periodo-identificador-api-53452,16,ea0010587-usos-del-agua-reutilizada-por-comunidades-y-ciudades-autonomas-tipo-de-uso-y-periodo-identificador-api-53452,True,True,True,True
142||u01200001-estudiantes-matriculados-por-dedicacion-doctorado-2024-2025,142,u01200001-estudiantes-matriculados-por-dedicacion-doctorado-2024-2025,True,True,True,True
71||a04003003-datos-covid-19-positividad-en-7-dias-illes-balears1,71,a04003003-datos-covid-19-positividad-en-7-dias-illes-balears1,True,True,True,True
114||u02100001-acuerdos-de-movilidad-de-estudiantes-erasmus-y-sicue-curso-2020-2021-universidad-de-zaragoza1,114,u02100001-acuerdos-de-movilidad-de-estudiantes-erasmus-y-sicue-curso-2020-2021-universidad-de-zaragoza1,True,True,True,True
24||e05073401-estadistica-de-personal-de-las-universidades-personal-docente-e-investigadorpdi-edad-de-la-plantilla-docente-resultados-por-universidades-edad-de-la-plantilla-docente-en-centros-propios-de-universidades-publicas-por-rama-de-ensenanza-y-sexo,24,e05073401-estadistica-de-personal-de-las-universidades-personal-docente-e-investigadorpdi-edad-de-la-plantilla-docente-resultados-por-universidades-edad-de-la-plantilla-docente-en-centros-propios-de-universidades-publicas-por-rama-de-ensenanza-y-sexo,True,True,True,True
104||a05003423-uso-de-internet-segun-momento-ultimo-de-utilizacion-y-situaciones-laborales-en-canarias-2010,104,a05003423-uso-de-internet-segun-momento-ultimo-de-utilizacion-y-situaciones-laborales-en-canarias-2010,False,False,False,False
103||bienes_artisticos_ayuntamiento,103,bienes_artisticos_ayuntamiento,True,True,True,True
103||l01360577-comercios-de-artesania-puntos-de-interes-turistico1,103,l01360577-comercios-de-artesania-puntos-de-interes-turistico1,False,False,False,False
84||a04003003-estaciones-bombeo-abastecimiento-abaqua1,84,a04003003-estaciones-bombeo-abastecimiento-abaqua1,False,False,False,False
63||a04003003-depositos-abastecimiento-abaqua1,63,a04003003-depositos-abastecimiento-abaqua1,False,False,False,False
101||l01280148-contratos-mayores-20181,101,l01280148-contratos-mayores-20181,True,True,True,True
37||ea0042931-mercado-minorista-de-electricidad-2019t1,37,ea0042931-mercado-minorista-de-electricidad-2019t1,True,True,True,True
92||l01140351-gestion-de-residuos-epremasa1,92,l01140351-gestion-de-residuos-epremasa1,False,False,False,False
141||a05003423-esquema-de-conceptos-de-medida-de-la-estadistica-de-crecimiento-vegetativo-en-canarias-istac-csm_c00042a,141,a05003423-esquema-de-conceptos-de-medida-de-la-estadistica-de-crecimiento-vegetativo-en-canarias-istac-csm_c00042a,False,False,False,False
41||l01140155-gestion-de-residuos-epremasa1,41,l01140155-gestion-de-residuos-epremasa1,False,False,False,False
104||a04003003-infraestructuras-abaqua1,104,a04003003-infraestructuras-abaqua1,False,False,False,False
5||a05003423-poblacion-de-16-y-mas-anos-en-viviendas-familiares-ocupada-que-ha-residido-fuera-del-municipio-segun-anos-de-llegada-a-los-municipios-sexos-y-situaciones-profesionales-municipios-por-islas-1-11-2001,5,a05003423-poblacion-de-16-y-mas-anos-en-viviendas-familiares-ocupada-que-ha-residido-fuera-del-municipio-segun-anos-de-llegada-a-los-municipios-sexos-y-situaciones-profesionales-municipios-por-islas-1-11-2001,True,False,True,True
141||l01080193-tipologias-de-las-placas-fotovoltaicas-municipales-en-la-ciudad-de-barcelona,141,l01080193-tipologias-de-las-placas-fotovoltaicas-municipales-en-la-ciudad-de-barcelona,False,False,False,False
45||l01280148-solicitudes-de-licencia-de-actividades-inocuas-2005-2016,45,l01280148-solicitudes-de-licencia-de-actividades-inocuas-2005-2016,False,False,False,False
54||l01140137-gestion-de-residuos-epremasa,54,l01140137-gestion-de-residuos-epremasa,True,True,True,True
64||l01082798-farmacias1,64,l01082798-farmacias1,True,True,True,True
148||a09002970-sistema-de-informacion-geografica-de-parcelas-agricolas-sigpac-de-la-comarca-de-anoia2018,148,a09002970-sistema-de-informacion-geografica-de-parcelas-agricolas-sigpac-de-la-comarca-de-anoia2018,False,False,True,False
31||ea0001302-estacion-meteorologica-sirena,31,ea0001302-estacion-meteorologica-sirena,True,True,True,True
142||u01200001-estudiantes-nuevo-ingreso-master-2024-2025,142,u01200001-estudiantes-nuevo-ingreso-master-2024-2025,True,True,True,True
90||l03380010-puntos-de-interes,90,l03380010-puntos-de-interes,False,False,False,False
141||ea0010587-maximo-nivel-de-dificultad-para-realizar-alguna-actividad-del-hogar-segun-sexo-grupo-de-edad-y-nivel-de-estudios-poblacion-de-55-y-mas-anos-identificador-api-47766,141,ea0010587-maximo-nivel-de-dificultad-para-realizar-alguna-actividad-del-hogar-segun-sexo-grupo-de-edad-y-nivel-de-estudios-poblacion-de-55-y-mas-anos-identificador-api-47766,False,False,False,False
49||a04003003-calendario-laboral-general-y-local-illes-balears-20241,49,a04003003-calendario-laboral-general-y-local-illes-balears-20241,True,True,True,True
19||presupuesto-comparativo-de-gastos-2018,19,presupuesto-comparativo-de-gastos-2018,True,True,True,True
103||a06004074-turismo-cultural,103,a06004074-turismo-cultural,True,True,False,True
40||l02000047-cajeros-moviles,40,l02000047-cajeros-moviles,False,False,False,False
65||calendario-de-ferias-y-exposiciones-en-aragon-2019,65,calendario-de-ferias-y-exposiciones-en-aragon-2019,True,True,True,True
82||l02000020-bienes-inmuebles-de-naturaleza-urbana-orio,82,l02000020-bienes-inmuebles-de-naturaleza-urbana-orio,True,True,True,True
114||l01360577-pistas-atletismo-instalaciones-deportivas,114,l01360577-pistas-atletismo-instalaciones-deportivas,False,False,False,False
135||i00000687-iniciativas-tsjc-2010-vii-legislatura,135,i00000687-iniciativas-tsjc-2010-vii-legislatura,True,True,True,True
80||deportes-instalaciones,80,deportes-instalaciones,True,True,True,True
1||ea0010587-altas-hospitalarias-segun-el-sexo-el-grupo-de-edad-la-provincia-comunidad-y-ciudad-autonoma-de-hospitalizacion-identificador-api-66354,1,ea0010587-altas-hospitalarias-segun-el-sexo-el-grupo-de-edad-la-provincia-comunidad-y-ciudad-autonoma-de-hospitalizacion-identificador-api-66354,False,False,False,False
11||l01280148-sanciones-infraccion-omt-2-trimestre-20201,11,l01280148-sanciones-infraccion-omt-2-trimestre-20201,True,True,True,True
26||a05003423-victimas-heridas-en-accidentes-de-circulacion-por-lugar-del-accidente-provincias-de-canarias-y-anos,26,a05003423-victimas-heridas-en-accidentes-de-circulacion-por-lugar-del-accidente-provincias-de-canarias-y-anos,True,True,True,True
98||a04003003-actuaciones-gestion-saneamiento-depuracion-programa-medidas-abaqua1,98,a04003003-actuaciones-gestion-saneamiento-depuracion-programa-medidas-abaqua1,False,False,False,False
55||a04027063-conceptos-operacionales-de-los-vinos-de-calidad-de-las-illes-balears-ibestat-cso_000274a,55,a04027063-conceptos-operacionales-de-los-vinos-de-calidad-de-las-illes-balears-ibestat-cso_000274a,False,False,False,False
57||a05003423-viajes-en-periodos-vacacionales-segun-destinos-sexos-y-grupos-de-edad-canarias-2004,57,a05003423-viajes-en-periodos-vacacionales-segun-destinos-sexos-y-grupos-de-edad-canarias-2004,True,True,False,True
89||l01140121-gestion-de-residuos-epremasa1,89,l01140121-gestion-de-residuos-epremasa1,False,False,False,False
135||personal_administracion_justicia,135,personal_administracion_justicia,True,True,True,True
21||l01280148-subvenciones-2022,21,l01280148-subvenciones-2022,True,True,True,True
19||a01002820-presupuesto-de-la-comunidad-autonoma-de-andalucia-ano-2020,19,a01002820-presupuesto-de-la-comunidad-autonoma-de-andalucia-ano-2020,True,True,True,True
70||ea0010587-c-inteligencia-artificial-identificador-api-59913,70,ea0010587-c-inteligencia-artificial-identificador-api-59913,True,True,True,True
54||l02000014-gestion-de-residuos-epremasa1,54,l02000014-gestion-de-residuos-epremasa1,True,True,True,True
55||l01290672-trabajo,55,l01290672-trabajo,False,False,False,False
39||a02002834-fechas-de-aprobaciones-y-publicaciones-de-plantillas-de-personal-de-entidades-publicas1,39,a02002834-fechas-de-aprobaciones-y-publicaciones-de-plantillas-de-personal-de-entidades-publicas1,True,True,True,True
70||l01030092-bajas-en-padron,70,l01030092-bajas-en-padron,False,False,False,False
104||ea0010587-ponderaciones-de-subgrupos-ipca-identificador-api-51068,104,ea0010587-ponderaciones-de-subgrupos-ipca-identificador-api-51068,False,False,False,False
51||a04003003-red-hidrografica-provisional,51,a04003003-red-hidrografica-provisional,False,False,False,False
14||a05003423-poblacion-total-segun-tiempo-transcurrido-desde-la-ultima-consulta-de-medicina-general-en-un-centro-de-salud-del-servicio-canario-de-la-salud-grandes-comarcas-de-canarias-2009-2015-2021,14,a05003423-poblacion-total-segun-tiempo-transcurrido-desde-la-ultima-consulta-de-medicina-general-en-un-centro-de-salud-del-servicio-canario-de-la-salud-grandes-comarcas-de-canarias-2009-2015-2021,True,True,True,True
3||a05003423-viviendas-segun-numero-de-telefonos-y-tamano-del-hogar-en-canarias-2006,3,a05003423-viviendas-segun-numero-de-telefonos-y-tamano-del-hogar-en-canarias-2006,True,True,True,True
40||l01080193-tipologia-del-parque-de-vehiculos-de-la-ciudad-de-barcelona,40,l01080193-tipologia-del-parque-de-vehiculos-de-la-ciudad-de-barcelona,True,True,True,True
86||i00000687-miembros-de-la-comision-agricultura-ganaderia-pesca-y-alimentacion-vii-legislatura,86,i00000687-miembros-de-la-comision-agricultura-ganaderia-pesca-y-alimentacion-vii-legislatura,True,True,True,True
131||ocio-y-diversion,131,ocio-y-diversion,False,False,False,False
34||ea0042931-mercado-minorista-de-electricidad-2012t3,34,ea0042931-mercado-minorista-de-electricidad-2012t3,False,False,False,False
63||l01140734-gestion-de-residuos-epremasa1,63,l01140734-gestion-de-residuos-epremasa1,False,False,False,False
95||l01080193-estimacion-del-precio-de-venta-de-la-ciudad-de-barcelona-serie-anual-del-precio-m2-de-venta-de-las-viviendas-de-segunda-mano-por-barrios-2007-2011-tasa-de-variacion-interanual-cambio-de-fuente,95,l01080193-estimacion-del-precio-de-venta-de-la-ciudad-de-barcelona-serie-anual-del-precio-m2-de-venta-de-las-viviendas-de-segunda-mano-por-barrios-2007-2011-tasa-de-variacion-interanual-cambio-de-fuente,True,True,False,True
90||l01030092-bajas-en-padron,90,l01030092-bajas-en-padron,False,False,False,False
35||l01140116-asociaciones-registradas1,35,l01140116-asociaciones-registradas1,True,True,True,True
112||l01140348-mercados-municipales1,112,l01140348-mercados-municipales1,False,False,False,False
45||l03380010-red-de-incendios,45,l03380010-red-de-incendios,True,True,True,True
86||ea0010587-distribucion-de-la-superficie-de-agricultura-ecologica-certificada-calificada-y-o-en-periodo-de-conversion-identificador-api-t01-p044-a2016-ccaa05-l0-0902-px,86,ea0010587-distribucion-de-la-superficie-de-agricultura-ecologica-certificada-calificada-y-o-en-periodo-de-conversion-identificador-api-t01-p044-a2016-ccaa05-l0-0902-px,True,True,True,True
57||calendario-de-festivos-en-comunidad-de-aragon-2015,57,calendario-de-festivos-en-comunidad-de-aragon-2015,True,True,True,True
116||l01330045-presupuestos-2022-f-m-cultura,116,l01330045-presupuestos-2022-f-m-cultura,True,True,True,True
127||l01140155-asociaciones-registradas1,127,l01140155-asociaciones-registradas1,True,True,True,True
59||l01140023-adjudicatarios-de-suministros1,59,l01140023-adjudicatarios-de-suministros1,True,True,True,True
39||a02002834-datos-de-anuncios-de-oposiciones-y-ofertas-de-empleo-publico,39,a02002834-datos-de-anuncios-de-oposiciones-y-ofertas-de-empleo-publico,True,True,True,True
34||l01140478-gestion-de-residuos-epremasa1,34,l01140478-gestion-de-residuos-epremasa1,False,False,False,False
53||l01081691-calendaris-de-dies-festius,53,l01081691-calendaris-de-dies-festius,False,False,False,False
104||a04027063-esquema-de-conceptos-de-medidas-de-indices-de-precios-de-consumo-ipc-ibestat-csm_r00020a_ipc,104,a04027063-esquema-de-conceptos-de-medidas-de-indices-de-precios-de-consumo-ipc-ibestat-csm_r00020a_ipc,True,True,True,True
4||ea0010587-actividades-innovadoras-en-el-periodo-2020-2022-empresas-por-tipo-de-financiacion-privada-por-rama-de-actividad-y-tamano-de-la-empresa-identificador-api-61313,4,ea0010587-actividades-innovadoras-en-el-periodo-2020-2022-empresas-por-tipo-de-financiacion-privada-por-rama-de-actividad-y-tamano-de-la-empresa-identificador-api-61313,True,True,True,True
105||l01280148-inventario-patrimonio-municipal-bienes-inmuebles-1991,105,l01280148-inventario-patrimonio-municipal-bienes-inmuebles-1991,False,False,False,False
22||ea0010587-poblacion-segun-comunidad-autonoma-y-provincia-y-sexo-identificador-api-73024,22,ea0010587-poblacion-segun-comunidad-autonoma-y-provincia-y-sexo-identificador-api-73024,True,True,True,True
95||l01140121-mercados-municipales,95,l01140121-mercados-municipales,False,False,False,False
74||ea0010587-p-i-b-a-precios-de-mercado-y-valor-anadido-bruto-a-precios-basicos-precios-corrientes-por-comunidades-y-ciudades-autonomas-ramas-de-actividad-y-periodo-identificador-api-67286,74,ea0010587-p-i-b-a-precios-de-mercado-y-valor-anadido-bruto-a-precios-basicos-precios-corrientes-por-comunidades-y-ciudades-autonomas-ramas-de-actividad-y-periodo-identificador-api-67286,True,True,True,True
71||a05003423-estancias-causadas-en-hospitales-de-canarias-segun-diagnosticos-principales-sexos-y-grupos-de-edad-2014,71,a05003423-estancias-causadas-en-hospitales-de-canarias-segun-diagnosticos-principales-sexos-y-grupos-de-edad-2014,False,False,False,False
6||a05003423-viajes-en-periodos-vacacionales-segun-destinos-por-comarcas-2004,6,a05003423-viajes-en-periodos-vacacionales-segun-destinos-por-comarcas-2004,True,True,True,True
39||a05003423-clasificacion-de-situaciones-en-el-empleo-istac-cl_situacion_empleo,39,a05003423-clasificacion-de-situaciones-en-el-empleo-istac-cl_situacion_empleo,True,True,True,True
83||l01140689-asociaciones-registradas1,83,l01140689-asociaciones-registradas1,False,True,False,False
131||censo_clasificacion_zonas_bano,131,censo_clasificacion_zonas_bano,False,False,False,False
131||a04003003-playa-duna-albufera,131,a04003003-playa-duna-albufera,True,True,True,True
55||ea0001302-tiempo-de-acceso-terminal-berge,55,ea0001302-tiempo-de-acceso-terminal-berge,False,False,False,False
142||oai-zaguan-unizar-es-70144,142,oai-zaguan-unizar-es-70144,True,True,True,True
101||renta-mensual-media-contratos-alquiler-libre-vivienda-habitual-colectiva-contrato-vivienda-habitual-territorio-historico-y-tamano-del-municipio-trimestre-inicio-del-contrato-eurosmes,101,renta-mensual-media-contratos-alquiler-libre-vivienda-habitual-colectiva-contrato-vivienda-habitual-territorio-historico-y-tamano-del-municipio-trimestre-inicio-del-contrato-eurosmes,True,True,True,True
139||l01280148-cementerios1,139,l01280148-cementerios1,False,False,False,False
62||l01140538-gestion-de-residuos-epremasa1,62,l01140538-gestion-de-residuos-epremasa1,False,False,False,False
63||l01140327-gestion-de-residuos-epremasa1,63,l01140327-gestion-de-residuos-epremasa1,False,False,False,False
148||a05003423-esquema-de-conceptos-de-medida-de-la-recopilacion-de-estadisticas-de-pesca-en-canarias-istac-csm_c00106a,148,a05003423-esquema-de-conceptos-de-medida-de-la-recopilacion-de-estadisticas-de-pesca-en-canarias-istac-csm_c00106a,True,True,True,True
3||a05003423-viviendas-segun-tipos-de-ordenador-y-tipos-de-familia-en-canarias-2006,3,a05003423-viviendas-segun-tipos-de-ordenador-y-tipos-de-familia-en-canarias-2006,True,True,True,True
58||1923451,58,1923451,True,True,True,True
31||a04003003-datos-meteorologicos-estacion-son-real-20231,31,a04003003-datos-meteorologicos-estacion-son-real-20231,True,True,True,True
6||a05003423-distribucion-de-turistas-en-intervalos-de-gastos-medios-segun-grupos-de-edades-o-sexos-islas-de-canarias-y-periodos,6,a05003423-distribucion-de-turistas-en-intervalos-de-gastos-medios-segun-grupos-de-edades-o-sexos-islas-de-canarias-y-periodos,True,True,True,True
32||ea0042931-indice-mibgas1,32,ea0042931-indice-mibgas1,True,True,True,True
49||a02002834-calendario-de-ferias-y-exposiciones-en-aragon-20181,49,a02002834-calendario-de-ferias-y-exposiciones-en-aragon-20181,False,False,False,False
16||l01280148-consumo-agua-centros-publicos-municipales-20161,16,l01280148-consumo-agua-centros-publicos-municipales-20161,True,True,True,True
86||a17002943-transportistas-de-ganado1,86,a17002943-transportistas-de-ganado1,False,False,True,False
63||l01140044-gestion-de-residuos-epremasa1,63,l01140044-gestion-de-residuos-epremasa1,False,False,False,False
73||l01140327-hogares-segun-su-tamano1,73,l01140327-hogares-segun-su-tamano1,False,False,False,False
101||contratos-2023,101,contratos-2023,True,True,True,True
37||l01140673-consumo-electrico-municipal,37,l01140673-consumo-electrico-municipal,True,True,True,True
57||l01360577-centros-de-dia-de-vigo1,57,l01360577-centros-de-dia-de-vigo1,False,False,False,False
121||u01200001-estudiantes-matriculados-grado-2023-2024,121,u01200001-estudiantes-matriculados-grado-2023-2024,True,True,True,True
58||l01280148-criminalidad-2016,58,l01280148-criminalidad-2016,True,True,True,True
65||ordenes_mantenimiento_alumbrado_historico,65,ordenes_mantenimiento_alumbrado_historico,False,False,False,False
13||l01140109-gestion-de-residuos-epremasa1,13,l01140109-gestion-de-residuos-epremasa1,False,False,False,False
42||a05003423-resultados-de-elecciones-al-senado-segun-candidaturas-canarias-hasta-escala-de-municipios-elecciones-de-23-de-julio-de-2023-datos-provisionales,42,a05003423-resultados-de-elecciones-al-senado-segun-candidaturas-canarias-hasta-escala-de-municipios-elecciones-de-23-de-julio-de-2023-datos-provisionales,True,True,True,True
109||a06004074-catastro-titulares,109,a06004074-catastro-titulares,False,False,False,False
51||l01030092-gimnasios,51,l01030092-gimnasios,False,False,False,False
34||a07002862-consumo-gasoil-en-centros-de-educacion-sanidad-y-cultura-de-la-administracion-autonomica-de-castilla-y-leon1,34,a07002862-consumo-gasoil-en-centros-de-educacion-sanidad-y-cultura-de-la-administracion-autonomica-de-castilla-y-leon1,False,False,False,False
68||l01080193-relacion-de-contratistas-del-ayuntamiento-de-barcelona-y-entidades-municipales,68,l01080193-relacion-de-contratistas-del-ayuntamiento-de-barcelona-y-entidades-municipales,True,True,True,True
64||l03380010-centros-sanitarios1,64,l03380010-centros-sanitarios1,False,True,False,False
139||l01360577-areas-comerciales-puntos-de-interes-turistico1,139,l01360577-areas-comerciales-puntos-de-interes-turistico1,False,False,False,False
55||l01280148-directorio-unidades-administrativas-dir-31,55,l01280148-directorio-unidades-administrativas-dir-31,False,False,False,False
40||incidencias_via_publica_resueltas,40,incidencias_via_publica_resueltas,False,False,False,False
51||ordenes_mantenimiento_alumbrado_historico,51,ordenes_mantenimiento_alumbrado_historico,False,False,False,False
32||l01140636-gestion-de-residuos-epremasa1,32,l01140636-gestion-de-residuos-epremasa1,False,False,False,False
40||l01080193-tipos-de-vehiculos-en-las-denuncias-y-sanciones-de-trafico-tramitadas-por-el-institut-municipal-dhisenda-del-ayuntamiento-de-barcelona,40,l01080193-tipos-de-vehiculos-en-las-denuncias-y-sanciones-de-trafico-tramitadas-por-el-institut-municipal-dhisenda-del-ayuntamiento-de-barcelona,True,True,True,True
31||ea0042926-categorizacion-con-los-criterios-de-los-ods-de-la-nueva-actividad-directa-del-instituto-de-credito-oficial,31,ea0042926-categorizacion-con-los-criterios-de-los-ods-de-la-nueva-actividad-directa-del-instituto-de-credito-oficial,True,True,True,True
100||demografia-extranjeros,100,demografia-extranjeros,True,True,True,True
62||l01140155-gestion-de-residuos-epremasa1,62,l01140155-gestion-de-residuos-epremasa1,False,False,False,False
62||l01140713-gestion-de-residuos-epremasa1,62,l01140713-gestion-de-residuos-epremasa1,False,False,False,False
76||a05003423-poblacion-de-16-y-mas-anos-segun-estado-de-salud-mental-y-relacion-con-la-actividad-canarias-2021,76,a05003423-poblacion-de-16-y-mas-anos-segun-estado-de-salud-mental-y-relacion-con-la-actividad-canarias-2021,True,True,True,True
74||a04027063-indice-de-precios-en-alojamientos-de-turismo-rural-segun-tarifa-illes-balears-y-mes,74,a04027063-indice-de-precios-en-alojamientos-de-turismo-rural-segun-tarifa-illes-balears-y-mes,True,True,True,True
26||a05003423-accidentes-de-trabajo-con-baja-segun-sectores-economicos-y-lugares-del-accidente-canarias-y-anos,26,a05003423-accidentes-de-trabajo-con-baja-segun-sectores-economicos-y-lugares-del-accidente-canarias-y-anos,True,True,True,True
48||l03380011-intensidad-media-diaria-imd-de-trafico-de-tenerife,48,l03380011-intensidad-media-diaria-imd-de-trafico-de-tenerife,True,True,True,True
72||a06004074-juegos-de-azar,72,a06004074-juegos-de-azar,False,False,False,False
103||servicios-cultura,103,servicios-cultura,True,True,False,True
142||u01200001-estudiantes-matriculados-por-nacionalidad-grado-2020-2021,142,u01200001-estudiantes-matriculados-por-nacionalidad-grado-2020-2021,True,True,True,True
80||servicios-deporte,80,servicios-deporte,True,True,True,True
133||bibliotecas-publicas-de-la-c-a-de-eukadi-segun-territorio-historico,133,bibliotecas-publicas-de-la-c-a-de-eukadi-segun-territorio-historico,True,True,True,True
64||a04003003-zonas-interes-minero1,64,a04003003-zonas-interes-minero1,False,False,False,False
6||turismo-casas-rurales,6,turismo-casas-rurales,True,True,True,True
133||l01280796-bibliotecas-especializadas-prestamos-activos1,133,l01280796-bibliotecas-especializadas-prestamos-activos1,True,True,True,True
113||ea0042931-mercado-minorista-de-electricidad-2021t4,113,ea0042931-mercado-minorista-de-electricidad-2021t4,True,True,True,True
64||a05003423-poblacion-total-segun-tipos-de-medicamentos-consumo-de-medicamentos-y-automedicacion-en-las-ultimas-2-semanas-canarias-2004,64,a05003423-poblacion-total-segun-tipos-de-medicamentos-consumo-de-medicamentos-y-automedicacion-en-las-ultimas-2-semanas-canarias-2004,False,False,False,False
150||l01280148-subvenciones-convocatorias,150,l01280148-subvenciones-convocatorias,True,True,True,True
104||ea0010587-indices-nacionales-de-grupos-especiales-ipc-identificador-api-76130,104,ea0010587-indices-nacionales-de-grupos-especiales-ipc-identificador-api-76130,True,True,True,True
90||a06004074-directorio-central-de-empresas-dirce,90,a06004074-directorio-central-de-empresas-dirce,False,False,False,False
10||l01330045-poblacion-total,10,l01330045-poblacion-total,True,True,True,True
112||l01080193-dimensiones-de-los-conjuntos-de-datos-del-padron-municipal-de-habitantes-de-la-ciudad-de-barcelona,112,l01080193-dimensiones-de-los-conjuntos-de-datos-del-padron-municipal-de-habitantes-de-la-ciudad-de-barcelona,False,False,False,False
102||l01140207-gestion-de-residuos-epremasa1,102,l01140207-gestion-de-residuos-epremasa1,False,False,False,False
48||a17002943-vehiculos-para-transporte-de-ganado1,48,a17002943-vehiculos-para-transporte-de-ganado1,False,False,False,False
102||ea0003337-puntos-de-venta-internacionales1,102,ea0003337-puntos-de-venta-internacionales1,False,False,False,False
18||l01280066-reservas-de-estacionamiento-para-personas-con-movilidad-reducida,18,l01280066-reservas-de-estacionamiento-para-personas-con-movilidad-reducida,False,False,False,False
150||a05003423-poblacion-de-6-y-mas-anos-con-limitacion-de-la-actividad-diaria-que-necesita-ayuda-o-cuidados-de-otras-personas-segun-recepcion-de-la-ayuda-necesitada-grandes-comarcas-de-canarias-2018,150,a05003423-poblacion-de-6-y-mas-anos-con-limitacion-de-la-actividad-diaria-que-necesita-ayuda-o-cuidados-de-otras-personas-segun-recepcion-de-la-ayuda-necesitada-grandes-comarcas-de-canarias-2018,True,True,True,True
16||l01140575-consumo-de-agua1,16,l01140575-consumo-de-agua1,True,True,True,True
116||turismo-activo,116,turismo-activo,False,False,False,False
76||a08002880-residencias-comunitarias-incluidas-en-la-red-de-salud-mental-de-castilla-la-mancha,76,a08002880-residencias-comunitarias-incluidas-en-la-red-de-salud-mental-de-castilla-la-mancha,True,True,True,True
135||a19002898-tramitacion,135,a19002898-tramitacion,True,True,False,True
31||a05003423-clasificacion-de-los-principales-factores-de-clima-empresarial-istac-cl_encuestas_factores_clima_empresarial,31,a05003423-clasificacion-de-los-principales-factores-de-clima-empresarial-istac-cl_encuestas_factores_clima_empresarial,True,False,True,True
19||presupuesto-ingresos-2018,19,presupuesto-ingresos-2018,True,True,True,True
10||l01140608-poblacion1,10,l01140608-poblacion1,True,True,True,True
127||registro-de-fundaciones-de-la-comunidad-autonoma-de-la-region-de-murcia,127,registro-de-fundaciones-de-la-comunidad-autonoma-de-la-region-de-murcia,True,True,True,True
126||praias-galegas-con-bandeira-azul-2019,126,praias-galegas-con-bandeira-azul-2019,True,True,True,True
150||l01280148-subvenciones-2024,150,l01280148-subvenciones-2024,True,True,True,True
5||a05003423-poblacion-de-16-y-mas-anos-en-viviendas-familiares-no-ocupada-que-cursa-estudios-y-no-estudia-en-su-domicilio-ni-en-varios-municipios-segun-medios-de-desplazamiento-sexos-y-numero-de-viajes-municipios-por-islas-1-11-2001,5,a05003423-poblacion-de-16-y-mas-anos-en-viviendas-familiares-no-ocupada-que-cursa-estudios-y-no-estudia-en-su-domicilio-ni-en-varios-municipios-segun-medios-de-desplazamiento-sexos-y-numero-de-viajes-municipios-por-islas-1-11-2001,True,True,True,True
131||a04003003-caudal-agua-depurada-abaqua1,131,a04003003-caudal-agua-depurada-abaqua1,False,False,False,False
84||l01280148-eso-centros-concertados-unidades-2010-20171,84,l01280148-eso-centros-concertados-unidades-2010-20171,False,False,False,False
17||coches-de-alquiler,17,coches-de-alquiler,True,True,True,True
83||organizaciones-empresariales,83,organizaciones-empresariales,True,True,True,True
98||a04003003-equipamiento-sanitario,98,a04003003-equipamiento-sanitario,False,True,True,True
1||a06004074-poblacion-reclusa,1,a06004074-poblacion-reclusa,False,False,False,False
48||l01080193-inventario-de-los-separadores-de-carriles-bici-de-la-red-de-infraestructuras-de-la-ciudad-de-barcelona,48,l01080193-inventario-de-los-separadores-de-carriles-bici-de-la-red-de-infraestructuras-de-la-ciudad-de-barcelona,True,True,True,True
95||i00000687-contratos-por-procedimiento-con-negociado-con-publicidad1,95,i00000687-contratos-por-procedimiento-con-negociado-con-publicidad1,False,True,False,False
25||a01002820-centros-educativos-bilingues-en-andalucia,25,a01002820-centros-educativos-bilingues-en-andalucia,True,True,True,True
54||l01140288-gestion-de-residuos-epremasa1,54,l01140288-gestion-de-residuos-epremasa1,True,True,True,True
4||registro_sociedades_laborales,4,registro_sociedades_laborales,True,True,True,True
118||a05003423-poblacion-de-16-y-mas-anos-que-ha-sido-atendida-en-un-hospital-de-dia-en-los-ultimos-12-meses-segun-calidad-de-la-atencion-recibida-en-los-hospitales-de-dia-publicos-o-concertados-y-grupos-de-edad-canarias-2021,118,a05003423-poblacion-de-16-y-mas-anos-que-ha-sido-atendida-en-un-hospital-de-dia-en-los-ultimos-12-meses-segun-calidad-de-la-atencion-recibida-en-los-hospitales-de-dia-publicos-o-concertados-y-grupos-de-edad-canarias-2021,True,True,True,True
103||i00000687-bienes-e-inmuebles1,103,i00000687-bienes-e-inmuebles1,False,False,False,False
22||l01280148-registro-de-entrada-unidades-administrativas-2010,22,l01280148-registro-de-entrada-unidades-administrativas-2010,False,True,False,False
38||a06004074-relieve,38,a06004074-relieve,False,False,False,False
31||101017,31,101017,True,True,True,True
41||l01030092-bajas-en-padron,41,l01030092-bajas-en-padron,False,False,False,False
135||l01280148-bienestar-social-asesoria-juridica-edades-de-los-usuarios-atendidos-2016,135,l01280148-bienestar-social-asesoria-juridica-edades-de-los-usuarios-atendidos-2016,True,True,True,True
15||l01140410-flota-de-vehiculos-municipales1,15,l01140410-flota-de-vehiculos-municipales1,True,True,True,True
116||l02000006-centros-culturales-de-la-provincia-de-badajoz,116,l02000006-centros-culturales-de-la-provincia-de-badajoz,True,True,True,True
150||l01140410-subvenciones1,150,l01140410-subvenciones1,True,True,True,True
57||l01030092-altas-en-padron,57,l01030092-altas-en-padron,False,False,False,False
13||l01290672-relacion-alfabetica-de-calles,13,l01290672-relacion-alfabetica-de-calles,True,True,True,True
73||ea0010587-hoteles-y-alojamientos-similares-grupo-551-cnae-2009-principales-empresas-por-desglose-de-la-cifra-de-negocios-segun-el-tipo-de-cliente-identificador-api-67509,73,ea0010587-hoteles-y-alojamientos-similares-grupo-551-cnae-2009-principales-empresas-por-desglose-de-la-cifra-de-negocios-segun-el-tipo-de-cliente-identificador-api-67509,True,True,True,True
42||l01140713-elecciones1,42,l01140713-elecciones1,True,True,True,True
103||a04003003-equipamiento-educativo,103,a04003003-equipamiento-educativo,False,False,False,False
142||e05073401-estudiantes-y-profesores-extranjeros-resultados-nacionales-numero-de-estudiantes-extranjeros-en-el-sistema-universitario-espanol-sue-incluidos-los-provenientes-por-programas-de-movilidad-por-tipo-y-modalidad-de-la-universidad-pais-de-nacionalidad-sexo-y-tipo-de-estudiante,142,e05073401-estudiantes-y-profesores-extranjeros-resultados-nacionales-numero-de-estudiantes-extranjeros-en-el-sistema-universitario-espanol-sue-incluidos-los-provenientes-por-programas-de-movilidad-por-tipo-y-modalidad-de-la-universidad-pais-de-nacionalidad-sexo-y-tipo-de-estudiante,True,True,True,True
102||l01140713-gestion-de-residuos-epremasa1,102,l01140713-gestion-de-residuos-epremasa1,False,False,False,False
39||ea0010587-motivo-por-el-que-considera-que-no-encuentra-empleo-por-sexo-poblacion-de-16-y-mas-anos-con-discapacidad-que-esta-buscando-empleo-identificador-api-51886,39,ea0010587-motivo-por-el-que-considera-que-no-encuentra-empleo-por-sexo-poblacion-de-16-y-mas-anos-con-discapacidad-que-esta-buscando-empleo-identificador-api-51886,True,True,True,True
125||familias-por-decil-de-renta-familiar-de-la-c-a-de-euskadi-segun-territorio-historico-y-sexo-de-la-persona-perceptora-principal,125,familias-por-decil-de-renta-familiar-de-la-c-a-de-euskadi-segun-territorio-historico-y-sexo-de-la-persona-perceptora-principal,True,True,True,True
104||incidencias_via_publica_resueltas,104,incidencias_via_publica_resueltas,False,False,False,False
98||u01600001-listado-de-centros,98,u01600001-listado-de-centros,False,False,False,False
127||a03002951-registro-fundaciones-docentes-culturales-asturias,127,a03002951-registro-fundaciones-docentes-culturales-asturias,True,True,True,True
46||oai-zaguan-unizar-es-95026,46,oai-zaguan-unizar-es-95026,True,True,True,True
95||l01280148-contratos-menores-2023,95,l01280148-contratos-menores-2023,False,True,False,False
57||a02002834-calendario-de-festivos-en-comunidad-de-aragon-20141,57,a02002834-calendario-de-festivos-en-comunidad-de-aragon-20141,True,True,True,True
91||a05003423-conceptos-operacionales-de-la-estadistica-de-calidad-del-aire-en-canarias-istac-cso_e23041b,91,a05003423-conceptos-operacionales-de-la-estadistica-de-calidad-del-aire-en-canarias-istac-cso_e23041b,True,True,True,True
42||a05003423-resultados-de-elecciones-municipales-segun-candidaturas-canarias-hasta-escala-de-secciones-electorales-elecciones-de-22-de-mayo-de-2011,42,a05003423-resultados-de-elecciones-municipales-segun-candidaturas-canarias-hasta-escala-de-secciones-electorales-elecciones-de-22-de-mayo-de-2011,True,True,True,True
63||ea0010587-agenda-2030-ods-tasa-de-crecimiento-del-pib-generado-por-el-turismo-identificador-api-180-8,63,ea0010587-agenda-2030-ods-tasa-de-crecimiento-del-pib-generado-por-el-turismo-identificador-api-180-8,True,True,True,True
141||l01080193-inventario-de-estacionamientos-reservados-de-la-red-de-infraestructuras-de-la-ciudad-de-barcelona1,141,l01080193-inventario-de-estacionamientos-reservados-de-la-red-de-infraestructuras-de-la-ciudad-de-barcelona1,False,False,False,False
80||l01280148-abonos-deportivos-3-trimestre-2017,80,l01280148-abonos-deportivos-3-trimestre-2017,True,True,True,True
94||u01200001-estudiantes-matriculados-grado-2023-2024,94,u01200001-estudiantes-matriculados-grado-2023-2024,False,True,False,False
58||ea0010587-delitos-segun-sexo-cona-identificador-api-26022,58,ea0010587-delitos-segun-sexo-cona-identificador-api-26022,True,True,True,True
47||l01280148-callejero-coordenadas-calles,47,l01280148-callejero-coordenadas-calles,True,True,True,True
141||l03380010-zona-de-flujo-preferente-0006,141,l03380010-zona-de-flujo-preferente-0006,False,False,False,False
59||l01140364-adjudicatarios-de-obras1,59,l01140364-adjudicatarios-de-obras1,True,True,True,True
83||registro_cooperativas,83,registro_cooperativas,True,True,True,True
104||a05003423-uso-de-ordenador-en-los-ultimos-3-meses-segun-frecuencias-de-uso-por-islas-de-canarias-2010,104,a05003423-uso-de-ordenador-en-los-ultimos-3-meses-segun-frecuencias-de-uso-por-islas-de-canarias-2010,False,False,False,False
39||a05003423-personal-de-la-empresa-ocupacion-y-formacion-en-tic-segun-agrupaciones-de-actividad-cnae-93-en-canarias-20061,39,a05003423-personal-de-la-empresa-ocupacion-y-formacion-en-tic-segun-agrupaciones-de-actividad-cnae-93-en-canarias-20061,True,True,True,True
90||l01080193-listado-de-equipamientos-de-restaurantes-de-la-ciudad-de-barcelona,90,l01080193-listado-de-equipamientos-de-restaurantes-de-la-ciudad-de-barcelona,True,True,True,True
68||l02000020-variaciones-en-el-padron-municipal-de-habitantes-del-ayuntamiento-de-mendaro-ayuntamiento-de-mendaro,68,l02000020-variaciones-en-el-padron-municipal-de-habitantes-del-ayuntamiento-de-mendaro-ayuntamiento-de-mendaro,True,True,True,True
24||u01600001-tesis-dirigidas-en-la-uc,24,u01600001-tesis-dirigidas-en-la-uc,True,True,True,True
86||ea0010587-aprovechamiento-de-las-tierras-labradas-en-regadio-identificador-api-t01-p044-a2016-ccaa05-l0-0105-px,86,ea0010587-aprovechamiento-de-las-tierras-labradas-en-regadio-identificador-api-t01-p044-a2016-ccaa05-l0-0105-px,True,True,True,True
80||l01280148-cursillos-deportivos-1-trimestre-20181,80,l01280148-cursillos-deportivos-1-trimestre-20181,True,True,True,True
42||a05003423-resultados-de-elecciones-al-senado-segun-candidaturas-canarias-hasta-escala-de-municipios-elecciones-de-9-de-marzo-de-2008,42,a05003423-resultados-de-elecciones-al-senado-segun-candidaturas-canarias-hasta-escala-de-municipios-elecciones-de-9-de-marzo-de-2008,True,True,True,True
109||ea0010587-defunciones-por-causas-lista-reducida-sexo-y-nacionalidad-ecm-identificador-api-t15-p417-a2007-l0-01002b-px,109,ea0010587-defunciones-por-causas-lista-reducida-sexo-y-nacionalidad-ecm-identificador-api-t15-p417-a2007-l0-01002b-px,True,True,True,True
1||institutos-lorca,1,institutos-lorca,False,False,False,False
121||a06004074-registro-central-de-personal,121,a06004074-registro-central-de-personal,False,False,False,False
140||l01080193-inventario-de-las-especies-de-arbolado-del-atlas-de-la-biodiversidad-de-la-ciudad-de-barcelona,140,l01080193-inventario-de-las-especies-de-arbolado-del-atlas-de-la-biodiversidad-de-la-ciudad-de-barcelona,False,False,False,False
108||a05003423-conceptos-de-medida-de-la-estadistica-de-encuesta-sobre-el-gasto-turistico-de-canarias-istac-csm_c00028a,108,a05003423-conceptos-de-medida-de-la-estadistica-de-encuesta-sobre-el-gasto-turistico-de-canarias-istac-csm_c00028a,False,False,False,False
22||datos-de-entidades-menores,22,datos-de-entidades-menores,False,True,False,False
10||l02000014-poblacion-por-unidad-poblacional1,10,l02000014-poblacion-por-unidad-poblacional1,True,True,True,True
111||101018,111,101018,True,True,True,True
22||ea0042931-tabla-15-consumos-por-provincias-y-segmento-de-mercado-por-provincia-y-ultimo-ano,22,ea0042931-tabla-15-consumos-por-provincias-y-segmento-de-mercado-por-provincia-y-ultimo-ano,True,True,True,True
1||ea0010587-altas-hospitalarias-y-estancias-causadas-segun-el-sexo-y-el-diagnostico-principal-identificador-api-74875,1,ea0010587-altas-hospitalarias-y-estancias-causadas-segun-el-sexo-y-el-diagnostico-principal-identificador-api-74875,False,False,False,False
126||l01290672-zona-de-bajas-emisiones-cabinas,126,l01290672-zona-de-bajas-emisiones-cabinas,False,False,False,False
66||consumo-semanal-de-las-familias-de-la-c-a-de-euskadi-y-proporcion-de-familias-consumidoras-en-el-mes-por-tamano-de-familia-y-tipo-de-producto,66,consumo-semanal-de-las-familias-de-la-c-a-de-euskadi-y-proporcion-de-familias-consumidoras-en-el-mes-por-tamano-de-familia-y-tipo-de-producto,True,True,True,True
150||l01140023-subvenciones1,150,l01140023-subvenciones1,True,True,True,True
121||u01200001-estudiantes-matriculados-por-nacionalidad-master-2023-2024,121,u01200001-estudiantes-matriculados-por-nacionalidad-master-2023-2024,True,True,True,True
101||estadistica-de-contratos-menores-por-ejercicio,101,estadistica-de-contratos-menores-por-ejercicio,True,True,True,True
65||l01280148-registro-entrada-n-registros-fecha-1-trimestre-2024,65,l01280148-registro-entrada-n-registros-fecha-1-trimestre-2024,False,True,False,False
105||a05003423-altas-de-fondos-en-bibliotecas-islas-de-canarias-y-anos,105,a05003423-altas-de-fondos-en-bibliotecas-islas-de-canarias-y-anos,False,True,True,True
71||602033,71,602033,False,False,False,False
141||a07002862-incidencias-en-la-red-de-carreteras-titularidad-de-la-junta-de-castilla-y-leon1,141,a07002862-incidencias-en-la-red-de-carreteras-titularidad-de-la-junta-de-castilla-y-leon1,False,False,False,False
68||l01080193-tipologias-de-las-placas-fotovoltaicas-municipales-en-la-ciudad-de-barcelona,68,l01080193-tipologias-de-las-placas-fotovoltaicas-municipales-en-la-ciudad-de-barcelona,False,False,False,False
49||a05003423-accidentes-de-trabajo-con-baja-en-jornada-de-trabajo-segun-tipos-de-contrato-y-sexos-canarias-y-anos,49,a05003423-accidentes-de-trabajo-con-baja-en-jornada-de-trabajo-segun-tipos-de-contrato-y-sexos-canarias-y-anos,False,False,False,False
131||l01140305-zonas-ajardinadas,131,l01140305-zonas-ajardinadas,False,False,False,False
95||l01140425-mercados-municipales,95,l01140425-mercados-municipales,False,True,False,False
76||a05003423-poblacion-de-16-y-mas-anos-segun-estado-de-salud-mental-y-clases-sociales-basadas-en-la-ocupacion-de-la-persona-de-referencia-canarias-2021,76,a05003423-poblacion-de-16-y-mas-anos-segun-estado-de-salud-mental-y-clases-sociales-basadas-en-la-ocupacion-de-la-persona-de-referencia-canarias-2021,True,True,True,True
57||calendario-de-festivos-en-comunidad-de-aragon-2025,57,calendario-de-festivos-en-comunidad-de-aragon-2025,True,True,True,True
105||a01002820-publicaciones-de-la-junta-de-andalucia,105,a01002820-publicaciones-de-la-junta-de-andalucia,False,True,True,True
35||l01280148-relacion-subvenciones-asociaciones-2011,35,l01280148-relacion-subvenciones-asociaciones-2011,True,True,True,True
139||l01380380-instalaciones-culturales1,139,l01380380-instalaciones-culturales1,False,True,False,False
31||l01080193-red-de-refugios-climaticos-en-la-ciudad-de-barcelona,31,l01080193-red-de-refugios-climaticos-en-la-ciudad-de-barcelona,True,True,True,True
114||l01080193-tipologia-del-parque-de-vehiculos-de-la-ciudad-de-barcelona,114,l01080193-tipologia-del-parque-de-vehiculos-de-la-ciudad-de-barcelona,False,True,True,True
13||l01140235-gestion-de-residuos-epremasa1,13,l01140235-gestion-de-residuos-epremasa1,False,False,False,False
68||l01280148-secciones-censales-del-municipio,68,l01280148-secciones-censales-del-municipio,False,True,True,True
90||cafeterias-y-restaurantes-en-la-comunidad-autonoma-de-aragon,90,cafeterias-y-restaurantes-en-la-comunidad-autonoma-de-aragon,True,True,True,True
45||a04003003-punto-de-recarga-de-vehiculos-electricos1,45,a04003003-punto-de-recarga-de-vehiculos-electricos1,False,False,False,False
71||a04003003-datos-covid-19-vacunaciones-dosis-adicionales-illes-balears1,71,a04003003-datos-covid-19-vacunaciones-dosis-adicionales-illes-balears1,True,True,True,True
136||l01360577-museos-de-vigo,136,l01360577-museos-de-vigo,True,True,True,True
53||l02000008-equipamientos-deportivos-locales,53,l02000008-equipamientos-deportivos-locales,True,True,True,True
116||asociaciones-culturales,116,asociaciones-culturales,True,True,True,True
89||801195,89,801195,False,False,False,False
38||l01280148-catastro-urbano-1988,38,l01280148-catastro-urbano-1988,True,True,True,True
1||ea0010587-altas-hospitalarias-segun-el-sexo-el-diagnostico-principal-la-provincia-comunidad-y-ciudad-autonoma-de-hospitalizacion-identificador-api-49025,1,ea0010587-altas-hospitalarias-segun-el-sexo-el-diagnostico-principal-la-provincia-comunidad-y-ciudad-autonoma-de-hospitalizacion-identificador-api-49025,False,True,False,False
55||l01081691-calendaris-de-dies-festius,55,l01081691-calendaris-de-dies-festius,False,False,False,False
54||residuos_peligrosos_tratamiento,54,residuos_peligrosos_tratamiento,True,True,True,True
102||l01140431-gestion-de-residuos-epremasa1,102,l01140431-gestion-de-residuos-epremasa1,False,False,False,False
25||educa-colegios,25,educa-colegios,True,True,True,True
73||turismo-casas-rurales,73,turismo-casas-rurales,False,True,False,False
3||a05003423-hogares-segun-deficiencias-de-la-vivienda-y-tipos-de-viviendas-canarias-2007,3,a05003423-hogares-segun-deficiencias-de-la-vivienda-y-tipos-de-viviendas-canarias-2007,True,True,True,True
18||l01280148-parque-vehiculos-automoviles-2013-2015-evolucion,18,l01280148-parque-vehiculos-automoviles-2013-2015-evolucion,False,True,False,False
102||l01280066-servicios-de-autobus1,102,l01280066-servicios-de-autobus1,False,True,False,False
126||l01080193-tipologias-de-las-placas-fotovoltaicas-municipales-en-la-ciudad-de-barcelona,126,l01080193-tipologias-de-las-placas-fotovoltaicas-municipales-en-la-ciudad-de-barcelona,False,False,False,False
139||museos-en-la-region-de-murcia,139,museos-en-la-region-de-murcia,False,True,False,False
25||l03380010-centros-de-educacion,25,l03380010-centros-de-educacion,True,True,True,True
66||consumo-anual-de-las-familias-de-la-c-a-de-euskadi-y-proporcion-de-familias-consumidoras-por-edad-del-sustentador-principal-y-grupo-de-productos,66,consumo-anual-de-las-familias-de-la-c-a-de-euskadi-y-proporcion-de-familias-consumidoras-por-edad-del-sustentador-principal-y-grupo-de-productos,True,True,True,True
123||l01080193-padro-de-vehiculos-evolucion-del-parque-de-vehiculos-de-la-ciutat-de-barcelona,123,l01080193-padro-de-vehiculos-evolucion-del-parque-de-vehiculos-de-la-ciutat-de-barcelona,False,False,False,False
29||ea0001302-estacion-meteorologica-adossat,29,ea0001302-estacion-meteorologica-adossat,True,True,True,True
42||l01140253-elecciones1,42,l01140253-elecciones1,True,True,True,True
140||l01080193-valores-catastrales-de-los-cargos-de-la-ciudad-de-barcelona,140,l01080193-valores-catastrales-de-los-cargos-de-la-ciudad-de-barcelona,False,True,False,False
16||l01030092-bajas-en-padron,16,l01030092-bajas-en-padron,False,False,False,False
114||a17002943-transportistas-de-ganado1,114,a17002943-transportistas-de-ganado1,False,True,False,False
37||a07002862-consumos-horarios-de-electricidad-de-los-hospitales-de-castilla-y-leon1,37,a07002862-consumos-horarios-de-electricidad-de-los-hospitales-de-castilla-y-leon1,True,True,True,True
63||l01080193-inventario-de-los-bancos-publicos-de-la-red-de-infraestructuras-de-la-ciudad-de-barcelona,63,l01080193-inventario-de-los-bancos-publicos-de-la-red-de-infraestructuras-de-la-ciudad-de-barcelona,False,False,False,False
92||l01140636-gestion-de-residuos-epremasa1,92,l01140636-gestion-de-residuos-epremasa1,False,False,False,False
62||a04003003-actuaciones-gestion-saneamiento-depuracion-programa-medidas-abaqua1,62,a04003003-actuaciones-gestion-saneamiento-depuracion-programa-medidas-abaqua1,False,True,True,True
51||l01280148-paro-registrado-2025,51,l01280148-paro-registrado-2025,True,True,True,True
5||l01140478-mercados-municipales,5,l01140478-mercados-municipales,False,True,True,True
148||a17002943-capturas-de-pesca-temporada-20151,148,a17002943-capturas-de-pesca-temporada-20151,True,True,True,True
