order,pair_key,id_query,query,result_index,id_dataset,title
0,123||ea0042931-precio-final-horas-provisionales-2020,123,dana,85,ea0042931-precio-final-horas-provisionales-2020,Precio final horas - Provisionales 2020
1,68||a04003003-distritos-censales1,68,ayuntamientos,102,a04003003-distritos-censales1,Distritos censales
2,10||a06004074-censo-de-ganado2,10,poblacion,148,a06004074-censo-de-ganado2,Censo de Ganado
3,150||l01280148-subvenciones-2022,150,ayudas,93,l01280148-subvenciones-2022,Subvenciones 2022
4,11||a04003003-zonas-interes-minero1,11,multas,117,a04003003-zonas-interes-minero1,Zonas interes minero
5,54||l01140060-gestion-de-residuos-epremasa1,54,residuos,101,l01140060-gestion-de-residuos-epremasa1,Gestión de residuos EPREMASA
6,47||l01140517-callejero1,47,callejero,48,l01140517-callejero1,Callejero
7,4||l01280148-cartas-de-servicios1,4,empresas,125,l01280148-cartas-de-servicios1,Cartas de Servicios
8,84||a05003423-estancias-causadas-en-hospitales-de-canarias-segun-comunidades-y-provincias-de-residencia-2014,84,cnae,89,a05003423-estancias-causadas-en-hospitales-de-canarias-segun-comunidades-y-provincias-de-residencia-2014,Estancias causadas en hospitales de Canarias según comunidades y provincias de residencia. 2014
9,37||a09002970-instalacion-de-produccion-de-energia-electrica-datos-individualizados,37,energia,5,a09002970-instalacion-de-produccion-de-energia-electrica-datos-individualizados,Instalación de producción de energía eléctrica. Datos individualizados
10,140||a02002834-carreteras-informacion-geografica1,140,cartografia,20,a02002834-carreteras-informacion-geografica1,Carreteras: información geográfica
11,113||l01140673-consumo-electrico-municipal,113,electricidad,62,l01140673-consumo-electrico-municipal,Consumo eléctrico municipal
12,53||a04003003-puntos-limpio,53,futbol,15,a04003003-puntos-limpio,Puntos Limpio
13,103||turismo-visitas-concertadas,103,bienes de interes cultural,120,turismo-visitas-concertadas,Visitas turísticas concertadas
14,38||l01280148-bienestar-social-emergencia-social,38,catastro,69,l01280148-bienestar-social-emergencia-social,Bienestar social: Emergencia social
15,45||a04003003-estaciones-bombeo-abastecimiento-abaqua1,45,incendios,95,a04003003-estaciones-bombeo-abastecimiento-abaqua1,Estaciones Bombeo Abastecimiento ABAQUA
16,73||l01140121-alojamientos-de-turismo1,73,hoteles,42,l01140121-alojamientos-de-turismo1,Alojamientos de turismo
17,100||ea0010587-emigraciones-de-extranjeros-al-extranjero-clasificadas-por-pais-de-destino-y-grupos-de-edad-identificador-api-t20-p307-a2007-l0-020922-px,100,inmigracion,68,ea0010587-emigraciones-de-extranjeros-al-extranjero-clasificadas-por-pais-de-destino-y-grupos-de-edad-identificador-api-t20-p307-a2007-l0-020922-px,Emigraciones de extranjeros al extranjero clasificadas por país de destino y grupos de edad. (Identificador API: /t20/p307/a2007/l0/020922.px)
18,94||u01200001-estudiantes-matriculados-por-residencia-familiar-grado-2024-2025,94,colegios,119,u01200001-estudiantes-matriculados-por-residencia-familiar-grado-2024-2025,Estudiantes matriculados por residencia familiar grado 2024-2025
19,46||l02000014-gestion-de-residuos-epremasa1,46,calidad del aire,105,l02000014-gestion-de-residuos-epremasa1,Gestión de residuos EPREMASA
20,16||ea0010587-usos-del-agua-reutilizada-por-comunidades-y-ciudades-autonomas-tipo-de-uso-y-periodo-identificador-api-53452,16,agua,30,ea0010587-usos-del-agua-reutilizada-por-comunidades-y-ciudades-autonomas-tipo-de-uso-y-periodo-identificador-api-53452,"Usos del agua reutilizada por comunidades y ciudades autónomas, tipo de uso y periodo (Identificador API: 53452)"
21,142||u01200001-estudiantes-matriculados-por-dedicacion-doctorado-2024-2025,142,estudiantes,127,u01200001-estudiantes-matriculados-por-dedicacion-doctorado-2024-2025,Estudiantes matriculados por dedicación Doctorado 2024-2025
22,71||a04003003-datos-covid-19-positividad-en-7-dias-illes-balears1,71,covid,121,a04003003-datos-covid-19-positividad-en-7-dias-illes-balears1,Datos COVID-19 Positividad en 7 Días Illes Balears
23,114||u02100001-acuerdos-de-movilidad-de-estudiantes-erasmus-y-sicue-curso-2020-2021-universidad-de-zaragoza1,114,movilidad,20,u02100001-acuerdos-de-movilidad-de-estudiantes-erasmus-y-sicue-curso-2020-2021-universidad-de-zaragoza1,Acuerdos de movilidad de estudiantes ERASMUS y SICUE.Curso 2020-2021. Universidad de Zaragoza
24,24||e05073401-estadistica-de-personal-de-las-universidades-personal-docente-e-investigadorpdi-edad-de-la-plantilla-docente-resultados-por-universidades-edad-de-la-plantilla-docente-en-centros-propios-de-universidades-publicas-por-rama-de-ensenanza-y-sexo,24,universidades,17,e05073401-estadistica-de-personal-de-las-universidades-personal-docente-e-investigadorpdi-edad-de-la-plantilla-docente-resultados-por-universidades-edad-de-la-plantilla-docente-en-centros-propios-de-universidades-publicas-por-rama-de-ensenanza-y-sexo,Edad de la plantilla docente en centros propios de universidades públicas por rama de enseñanza y sexo
25,104||a05003423-uso-de-internet-segun-momento-ultimo-de-utilizacion-y-situaciones-laborales-en-canarias-2010,104,ipc,67,a05003423-uso-de-internet-segun-momento-ultimo-de-utilizacion-y-situaciones-laborales-en-canarias-2010,Uso de Internet según momento último de utilización y situaciones laborales en Canarias. 2010
26,103||bienes_artisticos_ayuntamiento,103,bienes de interes cultural,51,bienes_artisticos_ayuntamiento,Bienes histórico artísticos Ayuntamiento
27,103||l01360577-comercios-de-artesania-puntos-de-interes-turistico1,103,bienes de interes cultural,96,l01360577-comercios-de-artesania-puntos-de-interes-turistico1,Comercios de artesanía (Puntos de Interés Turístico)
28,84||a04003003-estaciones-bombeo-abastecimiento-abaqua1,84,cnae,111,a04003003-estaciones-bombeo-abastecimiento-abaqua1,Estaciones Bombeo Abastecimiento ABAQUA
29,63||a04003003-depositos-abastecimiento-abaqua1,63,pib,118,a04003003-depositos-abastecimiento-abaqua1,Depósitos Abastecimiento ABAQUA
30,101||l01280148-contratos-mayores-20181,101,contratos,65,l01280148-contratos-mayores-20181,Contratos Mayores. 2018
31,37||ea0042931-mercado-minorista-de-electricidad-2019t1,37,energia,87,ea0042931-mercado-minorista-de-electricidad-2019t1,Mercado minorista de electricidad 2019T1
32,92||l01140351-gestion-de-residuos-epremasa1,92,gasolineras,86,l01140351-gestion-de-residuos-epremasa1,Gestión de residuos EPREMASA
33,141||a05003423-esquema-de-conceptos-de-medida-de-la-estadistica-de-crecimiento-vegetativo-en-canarias-istac-csm_c00042a,141,curvas de nivel,76,a05003423-esquema-de-conceptos-de-medida-de-la-estadistica-de-crecimiento-vegetativo-en-canarias-istac-csm_c00042a,Esquema de conceptos de medida de la Estadística de Crecimiento Vegetativo en Canarias (ISTAC: CSM_C00042A)
34,41||l01140155-gestion-de-residuos-epremasa1,41,aemet,92,l01140155-gestion-de-residuos-epremasa1,Gestión de residuos EPREMASA
35,104||a04003003-infraestructuras-abaqua1,104,ipc,137,a04003003-infraestructuras-abaqua1,Infraestructuras ABAQUA
36,5||a05003423-poblacion-de-16-y-mas-anos-en-viviendas-familiares-ocupada-que-ha-residido-fuera-del-municipio-segun-anos-de-llegada-a-los-municipios-sexos-y-situaciones-profesionales-municipios-por-islas-1-11-2001,5,municipios,8,a05003423-poblacion-de-16-y-mas-anos-en-viviendas-familiares-ocupada-que-ha-residido-fuera-del-municipio-segun-anos-de-llegada-a-los-municipios-sexos-y-situaciones-profesionales-municipios-por-islas-1-11-2001,"Población de 16 y más años en viviendas familiares ocupada que ha residido fuera del municipio, según años de llegada a los municipios, sexos y situaciones profesionales. Municipios por islas de Canarias.1/11/2001"
37,141||l01080193-tipologias-de-las-placas-fotovoltaicas-municipales-en-la-ciudad-de-barcelona,141,curvas de nivel,89,l01080193-tipologias-de-las-placas-fotovoltaicas-municipales-en-la-ciudad-de-barcelona,Tipologías de las placas fotovoltaicas municipales en la ciudad de Barcelona
38,45||l01280148-solicitudes-de-licencia-de-actividades-inocuas-2005-2016,45,incendios,97,l01280148-solicitudes-de-licencia-de-actividades-inocuas-2005-2016,Solicitudes de Licencia de Actividades Inócuas : 2005 - 2016
39,54||l01140137-gestion-de-residuos-epremasa,54,residuos,63,l01140137-gestion-de-residuos-epremasa,Gestión de residuos EPREMASA
40,64||l01082798-farmacias1,64,farmacias,5,l01082798-farmacias1,Farmacias
41,148||a09002970-sistema-de-informacion-geografica-de-parcelas-agricolas-sigpac-de-la-comarca-de-anoia2018,148,pesca,32,a09002970-sistema-de-informacion-geografica-de-parcelas-agricolas-sigpac-de-la-comarca-de-anoia2018,Sistema de información geográfica de parcelas agrícolas (SIGPAC) de la comarca de Anoia 2018
42,31||ea0001302-estacion-meteorologica-sirena,31,clima,32,ea0001302-estacion-meteorologica-sirena,Estación meteorológica Sirena
43,142||u01200001-estudiantes-nuevo-ingreso-master-2024-2025,142,estudiantes,47,u01200001-estudiantes-nuevo-ingreso-master-2024-2025,Estudiantes Nuevo Ingreso Máster 2024/2025
44,90||l03380010-puntos-de-interes,90,restaurantes,89,l03380010-puntos-de-interes,Puntos de interés
45,141||ea0010587-maximo-nivel-de-dificultad-para-realizar-alguna-actividad-del-hogar-segun-sexo-grupo-de-edad-y-nivel-de-estudios-poblacion-de-55-y-mas-anos-identificador-api-47766,141,curvas de nivel,30,ea0010587-maximo-nivel-de-dificultad-para-realizar-alguna-actividad-del-hogar-segun-sexo-grupo-de-edad-y-nivel-de-estudios-poblacion-de-55-y-mas-anos-identificador-api-47766,"Máximo nivel de dificultad para realizar alguna actividad del hogar según sexo, grupo de edad y nivel de estudios. Población de 55 y más años. (Identificador API: 47766)"
46,49||a04003003-calendario-laboral-general-y-local-illes-balears-20241,49,calendario laboral,9,a04003003-calendario-laboral-general-y-local-illes-balears-20241,Calendario Laboral General y Local Illes Balears 2024
47,19||presupuesto-comparativo-de-gastos-2018,19,presupuestos,70,presupuesto-comparativo-de-gastos-2018,Presupuesto Comparativo de Gastos 2018
48,103||a06004074-turismo-cultural,103,bienes de interes cultural,55,a06004074-turismo-cultural,Turismo cultural
49,40||l02000047-cajeros-moviles,40,transporte,112,l02000047-cajeros-moviles,Cajeros Móviles
50,65||calendario-de-ferias-y-exposiciones-en-aragon-2019,65,calendario,6,calendario-de-ferias-y-exposiciones-en-aragon-2019,Calendario de ferias y exposiciones en Aragón 2019
51,82||l02000020-bienes-inmuebles-de-naturaleza-urbana-orio,82,patrimonio,83,l02000020-bienes-inmuebles-de-naturaleza-urbana-orio,Bienes Inmuebles de Naturaleza Urbana (ORIO)
52,114||l01360577-pistas-atletismo-instalaciones-deportivas,114,movilidad,132,l01360577-pistas-atletismo-instalaciones-deportivas,Pistas Atletismo. Instalaciones deportivas
53,135||i00000687-iniciativas-tsjc-2010-vii-legislatura,135,justicia,41,i00000687-iniciativas-tsjc-2010-vii-legislatura,Iniciativas TSJC - 2010 - VII Legislatura
54,80||deportes-instalaciones,80,deporte,57,deportes-instalaciones,Instalaciones deportivas municipales
55,1||ea0010587-altas-hospitalarias-segun-el-sexo-el-grupo-de-edad-la-provincia-comunidad-y-ciudad-autonoma-de-hospitalizacion-identificador-api-66354,1,aulas hospitalarias andalucia,49,ea0010587-altas-hospitalarias-segun-el-sexo-el-grupo-de-edad-la-provincia-comunidad-y-ciudad-autonoma-de-hospitalizacion-identificador-api-66354,"Altas hospitalarias según el sexo, el grupo de edad, la provincia, Comunidad y Ciudad autónoma de hospitalización. (Identificador API: 66354)"
56,11||l01280148-sanciones-infraccion-omt-2-trimestre-20201,11,multas,61,l01280148-sanciones-infraccion-omt-2-trimestre-20201,Sanciones. Infracción OMT. 2º Trimestre 2020
57,26||a05003423-victimas-heridas-en-accidentes-de-circulacion-por-lugar-del-accidente-provincias-de-canarias-y-anos,26,accidentes,5,a05003423-victimas-heridas-en-accidentes-de-circulacion-por-lugar-del-accidente-provincias-de-canarias-y-anos,"Víctimas heridas en accidentes de circulación por lugar del accidente, provincias de Canarias. 1999-2023"
58,98||a04003003-actuaciones-gestion-saneamiento-depuracion-programa-medidas-abaqua1,98,centros de salud,99,a04003003-actuaciones-gestion-saneamiento-depuracion-programa-medidas-abaqua1,Actuaciones Gestión Saneamiento Depuración Programa Medidas ABAQUA
59,55||a04027063-conceptos-operacionales-de-los-vinos-de-calidad-de-las-illes-balears-ibestat-cso_000274a,55,dgt,22,a04027063-conceptos-operacionales-de-los-vinos-de-calidad-de-las-illes-balears-ibestat-cso_000274a,Conceptes operacionals dels Vins de qualitat de les Illes Balears (IBESTAT: CSO_000274A)
60,57||a05003423-viajes-en-periodos-vacacionales-segun-destinos-sexos-y-grupos-de-edad-canarias-2004,57,festivos,86,a05003423-viajes-en-periodos-vacacionales-segun-destinos-sexos-y-grupos-de-edad-canarias-2004,"Viajes en periodos vacacionales según destinos, sexos y grupos de edad. Canarias. 2004"
61,89||l01140121-gestion-de-residuos-epremasa1,89,cancer,91,l01140121-gestion-de-residuos-epremasa1,Gestión de residuos EPREMASA
62,135||personal_administracion_justicia,135,justicia,29,personal_administracion_justicia,Personal de la Administración de Justicia
63,21||l01280148-subvenciones-2022,21,subvenciones,15,l01280148-subvenciones-2022,Subvenciones 2022
64,19||a01002820-presupuesto-de-la-comunidad-autonoma-de-andalucia-ano-2020,19,presupuestos,11,a01002820-presupuesto-de-la-comunidad-autonoma-de-andalucia-ano-2020,Presupuesto de la Comunidad Autónoma de Andalucía año 2020
65,70||ea0010587-c-inteligencia-artificial-identificador-api-59913,70,inteligencia artificial,15,ea0010587-c-inteligencia-artificial-identificador-api-59913,Inteligencia artificial (Identificador API: 59913)
66,54||l02000014-gestion-de-residuos-epremasa1,54,residuos,106,l02000014-gestion-de-residuos-epremasa1,Gestión de residuos EPREMASA
67,55||l01290672-trabajo,55,dgt,29,l01290672-trabajo,Trabajo
68,39||a02002834-fechas-de-aprobaciones-y-publicaciones-de-plantillas-de-personal-de-entidades-publicas1,39,empleo,136,a02002834-fechas-de-aprobaciones-y-publicaciones-de-plantillas-de-personal-de-entidades-publicas1,Fechas de aprobaciones y publicaciones de Plantillas de Personal de entidades públicas
69,70||l01030092-bajas-en-padron,70,inteligencia artificial,79,l01030092-bajas-en-padron,Bajas en padrón
70,104||ea0010587-ponderaciones-de-subgrupos-ipca-identificador-api-51068,104,ipc,113,ea0010587-ponderaciones-de-subgrupos-ipca-identificador-api-51068,Ponderaciones de subgrupos ECOICOP ver.2. IPCA (Identificador API: 76121)
71,51||a04003003-red-hidrografica-provisional,51,paro,99,a04003003-red-hidrografica-provisional,Red Hidrográfica Provisional
72,14||a05003423-poblacion-total-segun-tiempo-transcurrido-desde-la-ultima-consulta-de-medicina-general-en-un-centro-de-salud-del-servicio-canario-de-la-salud-grandes-comarcas-de-canarias-2009-2015-2021,14,salud,21,a05003423-poblacion-total-segun-tiempo-transcurrido-desde-la-ultima-consulta-de-medicina-general-en-un-centro-de-salud-del-servicio-canario-de-la-salud-grandes-comarcas-de-canarias-2009-2015-2021,Población total según tiempo transcurrido desde la última consulta de medicina general en un centro de salud del Servicio Canario de la Salud. Grandes comarcas de Canarias. 2009-2015-2021
73,3||a05003423-viviendas-segun-numero-de-telefonos-y-tamano-del-hogar-en-canarias-2006,3,vivienda,95,a05003423-viviendas-segun-numero-de-telefonos-y-tamano-del-hogar-en-canarias-2006,Viviendas según número de teléfonos y tamaño del hogar en Canarias. 2006
74,40||l01080193-tipologia-del-parque-de-vehiculos-de-la-ciudad-de-barcelona,40,transporte,67,l01080193-tipologia-del-parque-de-vehiculos-de-la-ciudad-de-barcelona,Padrón de vehículos. Tipología del parque de vehículos de la ciudad de Barcelona
75,86||i00000687-miembros-de-la-comision-agricultura-ganaderia-pesca-y-alimentacion-vii-legislatura,86,agricultura,11,i00000687-miembros-de-la-comision-agricultura-ganaderia-pesca-y-alimentacion-vii-legislatura,"Miembros de la comisión - Agricultura, Ganadería, Pesca y Alimentación - VII Legislatura"
76,131||ocio-y-diversion,131,playas,70,ocio-y-diversion,Ocio y Diversión
77,34||ea0042931-mercado-minorista-de-electricidad-2012t3,34,instaladores gas,73,ea0042931-mercado-minorista-de-electricidad-2012t3,Mercado minorista de electricidad 2012T3
78,63||l01140734-gestion-de-residuos-epremasa1,63,pib,138,l01140734-gestion-de-residuos-epremasa1,Gestión de residuos EPREMASA
79,95||l01080193-estimacion-del-precio-de-venta-de-la-ciudad-de-barcelona-serie-anual-del-precio-m2-de-venta-de-las-viviendas-de-segunda-mano-por-barrios-2007-2011-tasa-de-variacion-interanual-cambio-de-fuente,95,ventas,4,l01080193-estimacion-del-precio-de-venta-de-la-ciudad-de-barcelona-serie-anual-del-precio-m2-de-venta-de-las-viviendas-de-segunda-mano-por-barrios-2007-2011-tasa-de-variacion-interanual-cambio-de-fuente,Estimación del precio de venta de la ciudad de Barcelona. Serie anual del precio/m2 de venta de las viviendas de segunda mano por barrios. 2007-2011. Tasa de variación interanual. Cambio de fuente
80,90||l01030092-bajas-en-padron,90,restaurantes,73,l01030092-bajas-en-padron,Bajas en padrón
81,35||l01140116-asociaciones-registradas1,35,asociaciones,57,l01140116-asociaciones-registradas1,Asociaciones registradas
82,112||l01140348-mercados-municipales1,112,barrios,109,l01140348-mercados-municipales1,Mercados municipales
83,45||l03380010-red-de-incendios,45,incendios,19,l03380010-red-de-incendios,red de incendios
84,86||ea0010587-distribucion-de-la-superficie-de-agricultura-ecologica-certificada-calificada-y-o-en-periodo-de-conversion-identificador-api-t01-p044-a2016-ccaa05-l0-0902-px,86,agricultura,34,ea0010587-distribucion-de-la-superficie-de-agricultura-ecologica-certificada-calificada-y-o-en-periodo-de-conversion-identificador-api-t01-p044-a2016-ccaa05-l0-0902-px,Distribución de la superficie de agricultura ecológica certificada (calificada y/o en periodo de conversión) (Identificador API: /t01/p044/a2016/ccaa05/l0/0902.px)
85,57||calendario-de-festivos-en-comunidad-de-aragon-2015,57,festivos,2,calendario-de-festivos-en-comunidad-de-aragon-2015,Calendario de festivos en comunidad de Aragón 2015
86,116||l01330045-presupuestos-2022-f-m-cultura,116,cultura,34,l01330045-presupuestos-2022-f-m-cultura,Presupuestos 2022. F.M. Cultura
87,127||l01140155-asociaciones-registradas1,127,fundaciones,41,l01140155-asociaciones-registradas1,Asociaciones registradas
88,59||l01140023-adjudicatarios-de-suministros1,59,licitaciones,78,l01140023-adjudicatarios-de-suministros1,Adjudicatarios de suministros
89,39||a02002834-datos-de-anuncios-de-oposiciones-y-ofertas-de-empleo-publico,39,empleo,130,a02002834-datos-de-anuncios-de-oposiciones-y-ofertas-de-empleo-publico,Datos de anuncios de oposiciones y ofertas de empleo público
90,34||l01140478-gestion-de-residuos-epremasa1,34,instaladores gas,110,l01140478-gestion-de-residuos-epremasa1,Gestión de residuos EPREMASA
91,53||l01081691-calendaris-de-dies-festius,53,futbol,41,l01081691-calendaris-de-dies-festius,Calendaris de dies Festius
92,104||a04027063-esquema-de-conceptos-de-medidas-de-indices-de-precios-de-consumo-ipc-ibestat-csm_r00020a_ipc,104,ipc,9,a04027063-esquema-de-conceptos-de-medidas-de-indices-de-precios-de-consumo-ipc-ibestat-csm_r00020a_ipc,Esquema de conceptes de mesures d'Índexs de Preus de Consum (IPC) (IBESTAT: CSM_R00020A_IPC)
93,4||ea0010587-actividades-innovadoras-en-el-periodo-2020-2022-empresas-por-tipo-de-financiacion-privada-por-rama-de-actividad-y-tamano-de-la-empresa-identificador-api-61313,4,empresas,49,ea0010587-actividades-innovadoras-en-el-periodo-2020-2022-empresas-por-tipo-de-financiacion-privada-por-rama-de-actividad-y-tamano-de-la-empresa-identificador-api-61313,"Actividades innovadoras en el período 2020-2022: Empresas por tipo de financiación privada, por rama de actividad y tamaño de la empresa (Identificador API: 61313)"
94,105||l01280148-inventario-patrimonio-municipal-bienes-inmuebles-1991,105,libros,89,l01280148-inventario-patrimonio-municipal-bienes-inmuebles-1991,Inventario Patrimonio Municipal Bienes Inmuebles. 1991
95,22||ea0010587-poblacion-segun-comunidad-autonoma-y-provincia-y-sexo-identificador-api-73024,22,provincias,26,ea0010587-poblacion-segun-comunidad-autonoma-y-provincia-y-sexo-identificador-api-73024,Población según comunidad autónoma y provincia y sexo (Identificador API: 73024)
96,95||l01140121-mercados-municipales,95,ventas,57,l01140121-mercados-municipales,Mercados municipales
97,74||ea0010587-p-i-b-a-precios-de-mercado-y-valor-anadido-bruto-a-precios-basicos-precios-corrientes-por-comunidades-y-ciudades-autonomas-ramas-de-actividad-y-periodo-identificador-api-67286,74,precio,4,ea0010587-p-i-b-a-precios-de-mercado-y-valor-anadido-bruto-a-precios-basicos-precios-corrientes-por-comunidades-y-ciudades-autonomas-ramas-de-actividad-y-periodo-identificador-api-67286,"P.I.B. a precios de mercado y valor añadido bruto a precios básicos: Precios corrientes por comunidades y ciudades autónomas, ramas de actividad y periodo. (Identificador API: 67286)"
98,71||a05003423-estancias-causadas-en-hospitales-de-canarias-segun-diagnosticos-principales-sexos-y-grupos-de-edad-2014,71,covid,93,a05003423-estancias-causadas-en-hospitales-de-canarias-segun-diagnosticos-principales-sexos-y-grupos-de-edad-2014,"Estancias causadas en hospitales de Canarias según diagnósticos principales, sexos y grupos de edad. 2014"
99,6||a05003423-viajes-en-periodos-vacacionales-segun-destinos-por-comarcas-2004,6,turismo,76,a05003423-viajes-en-periodos-vacacionales-segun-destinos-por-comarcas-2004,Viajes en periodos vacacionales según destinos por islas de Canarias. 2004
100,39||a05003423-clasificacion-de-situaciones-en-el-empleo-istac-cl_situacion_empleo,39,empleo,71,a05003423-clasificacion-de-situaciones-en-el-empleo-istac-cl_situacion_empleo,Clasificación de situaciones en el empleo (ISTAC: CL_SITUACION_EMPLEO)
101,83||l01140689-asociaciones-registradas1,83,cooperativas,62,l01140689-asociaciones-registradas1,Asociaciones registradas
102,131||censo_clasificacion_zonas_bano,131,playas,59,censo_clasificacion_zonas_bano,Censo y calificación de las zonas de baño
103,131||a04003003-playa-duna-albufera,131,playas,30,a04003003-playa-duna-albufera,Playa duna Albufera
104,55||ea0001302-tiempo-de-acceso-terminal-berge,55,dgt,65,ea0001302-tiempo-de-acceso-terminal-berge,Tiempo de acceso terminal Bergé
105,142||oai-zaguan-unizar-es-70144,142,estudiantes,29,oai-zaguan-unizar-es-70144,Acuerdos de movilidad de estudiantes ERASMUS y SICUE.Curso 2013-2014. Universidad de Zaragoza
106,101||renta-mensual-media-contratos-alquiler-libre-vivienda-habitual-colectiva-contrato-vivienda-habitual-territorio-historico-y-tamano-del-municipio-trimestre-inicio-del-contrato-eurosmes,101,contratos,46,renta-mensual-media-contratos-alquiler-libre-vivienda-habitual-colectiva-contrato-vivienda-habitual-territorio-historico-y-tamano-del-municipio-trimestre-inicio-del-contrato-eurosmes,Renta mensual media de los contratos de alquiler libre de vivienda habitual colectiva (contrato de vivienda habitual) por territorio histórico y tamaño del municipio según trimestre de inicio del contrato (euros/mes).
107,139||l01280148-cementerios1,139,arqueologia,23,l01280148-cementerios1,Cementerios
108,62||l01140538-gestion-de-residuos-epremasa1,62,embalses,111,l01140538-gestion-de-residuos-epremasa1,Gestión de residuos EPREMASA
109,63||l01140327-gestion-de-residuos-epremasa1,63,pib,141,l01140327-gestion-de-residuos-epremasa1,Gestión de residuos EPREMASA
110,148||a05003423-esquema-de-conceptos-de-medida-de-la-recopilacion-de-estadisticas-de-pesca-en-canarias-istac-csm_c00106a,148,pesca,66,a05003423-esquema-de-conceptos-de-medida-de-la-recopilacion-de-estadisticas-de-pesca-en-canarias-istac-csm_c00106a,Esquema de conceptos de medida de la Recopilación de Estadísticas de Pesca en Canarias (ISTAC: CSM_C00106A)
111,3||a05003423-viviendas-segun-tipos-de-ordenador-y-tipos-de-familia-en-canarias-2006,3,vivienda,93,a05003423-viviendas-segun-tipos-de-ordenador-y-tipos-de-familia-en-canarias-2006,Viviendas según tipos de ordenador y tipos de familia en Canarias. 2006
112,58||1923451,58,delitos,52,1923451,Delitos contra la propiedad intelectual
113,31||a04003003-datos-meteorologicos-estacion-son-real-20231,31,clima,77,a04003003-datos-meteorologicos-estacion-son-real-20231,Datos Meteorológicos Estación Son Real 2023
114,6||a05003423-distribucion-de-turistas-en-intervalos-de-gastos-medios-segun-grupos-de-edades-o-sexos-islas-de-canarias-y-periodos,6,turismo,78,a05003423-distribucion-de-turistas-en-intervalos-de-gastos-medios-segun-grupos-de-edades-o-sexos-islas-de-canarias-y-periodos,Distribución de turistas en intervalos de gastos medios según grupos de edades o sexos. Islas de Canarias y periodos
115,32||ea0042931-indice-mibgas1,32,gas,50,ea0042931-indice-mibgas1,Índice MIBGAS
116,49||a02002834-calendario-de-ferias-y-exposiciones-en-aragon-20181,49,calendario laboral,39,a02002834-calendario-de-ferias-y-exposiciones-en-aragon-20181,Calendario de ferias y exposiciones en Aragón 2018
117,16||l01280148-consumo-agua-centros-publicos-municipales-20161,16,agua,69,l01280148-consumo-agua-centros-publicos-municipales-20161,Consumo agua. Centros públicos municipales. 2016
118,86||a17002943-transportistas-de-ganado1,86,agricultura,112,a17002943-transportistas-de-ganado1,Transportistas de ganado
119,63||l01140044-gestion-de-residuos-epremasa1,63,pib,131,l01140044-gestion-de-residuos-epremasa1,Gestión de residuos EPREMASA
120,73||l01140327-hogares-segun-su-tamano1,73,hoteles,112,l01140327-hogares-segun-su-tamano1,Hogares según su tamaño
121,101||contratos-2023,101,contratos,116,contratos-2023,Contratos 2023
122,37||l01140673-consumo-electrico-municipal,37,energia,36,l01140673-consumo-electrico-municipal,Consumo eléctrico municipal
123,57||l01360577-centros-de-dia-de-vigo1,57,festivos,105,l01360577-centros-de-dia-de-vigo1,Centros de Día de Vigo
124,121||u01200001-estudiantes-matriculados-grado-2023-2024,121,matriculaciones,70,u01200001-estudiantes-matriculados-grado-2023-2024,Estudiantes matriculados Grado 2023/2024
125,58||l01280148-criminalidad-2016,58,delitos,55,l01280148-criminalidad-2016,Criminalidad. 2016
126,65||ordenes_mantenimiento_alumbrado_historico,65,calendario,92,ordenes_mantenimiento_alumbrado_historico,Ordenes Mantenimiento de Alumbrado (Histórico)
127,13||l01140109-gestion-de-residuos-epremasa1,13,codigos postales,131,l01140109-gestion-de-residuos-epremasa1,Gestión de residuos EPREMASA
128,42||a05003423-resultados-de-elecciones-al-senado-segun-candidaturas-canarias-hasta-escala-de-municipios-elecciones-de-23-de-julio-de-2023-datos-provisionales,42,elecciones,18,a05003423-resultados-de-elecciones-al-senado-segun-candidaturas-canarias-hasta-escala-de-municipios-elecciones-de-23-de-julio-de-2023-datos-provisionales,Resultados de elecciones al Senado según candidaturas. Canarias hasta escala de municipios. Elecciones de 23 de julio de 2023
129,109||a06004074-catastro-titulares,109,defunciones,112,a06004074-catastro-titulares,Catastro titulares
130,51||l01030092-gimnasios,51,paro,81,l01030092-gimnasios,Gimnasios
131,34||a07002862-consumo-gasoil-en-centros-de-educacion-sanidad-y-cultura-de-la-administracion-autonomica-de-castilla-y-leon1,34,instaladores gas,58,a07002862-consumo-gasoil-en-centros-de-educacion-sanidad-y-cultura-de-la-administracion-autonomica-de-castilla-y-leon1,"Consumo gasoil en centros de educación, sanidad y cultura de la administración autonómica de Castilla y León"
132,68||l01080193-relacion-de-contratistas-del-ayuntamiento-de-barcelona-y-entidades-municipales,68,ayuntamientos,7,l01080193-relacion-de-contratistas-del-ayuntamiento-de-barcelona-y-entidades-municipales,Relación de contratistas del Ayuntamiento de Barcelona y entidades municipales
133,64||l03380010-centros-sanitarios1,64,farmacias,33,l03380010-centros-sanitarios1,centros sanitarios
134,139||l01360577-areas-comerciales-puntos-de-interes-turistico1,139,arqueologia,78,l01360577-areas-comerciales-puntos-de-interes-turistico1,Áreas comerciales (Puntos de Interés Turístico)
135,55||l01280148-directorio-unidades-administrativas-dir-31,55,dgt,95,l01280148-directorio-unidades-administrativas-dir-31,Directorio Unidades Administrativas. DIR 3
136,40||incidencias_via_publica_resueltas,40,transporte,120,incidencias_via_publica_resueltas,Incidencias en via pública resueltas
137,51||ordenes_mantenimiento_alumbrado_historico,51,paro,103,ordenes_mantenimiento_alumbrado_historico,Ordenes Mantenimiento de Alumbrado (Histórico)
138,32||l01140636-gestion-de-residuos-epremasa1,32,gas,112,l01140636-gestion-de-residuos-epremasa1,Gestión de residuos EPREMASA
139,40||l01080193-tipos-de-vehiculos-en-las-denuncias-y-sanciones-de-trafico-tramitadas-por-el-institut-municipal-dhisenda-del-ayuntamiento-de-barcelona,40,transporte,74,l01080193-tipos-de-vehiculos-en-las-denuncias-y-sanciones-de-trafico-tramitadas-por-el-institut-municipal-dhisenda-del-ayuntamiento-de-barcelona,Tipos de vehículos en las denuncias y sanciones de tráfico tramitadas por el Institut Municipal d’Hisenda del Ayuntamiento de Barcelona
140,31||ea0042926-categorizacion-con-los-criterios-de-los-ods-de-la-nueva-actividad-directa-del-instituto-de-credito-oficial,31,clima,12,ea0042926-categorizacion-con-los-criterios-de-los-ods-de-la-nueva-actividad-directa-del-instituto-de-credito-oficial,Categorización con los criterios de los ODS de la nueva actividad directa del Instituto de Crédito Oficial
141,100||demografia-extranjeros,100,inmigracion,22,demografia-extranjeros,Población - Personas extranjeras
142,62||l01140155-gestion-de-residuos-epremasa1,62,embalses,95,l01140155-gestion-de-residuos-epremasa1,Gestión de residuos EPREMASA
143,62||l01140713-gestion-de-residuos-epremasa1,62,embalses,74,l01140713-gestion-de-residuos-epremasa1,Gestión de residuos EPREMASA
144,76||a05003423-poblacion-de-16-y-mas-anos-segun-estado-de-salud-mental-y-relacion-con-la-actividad-canarias-2021,76,salud mental,17,a05003423-poblacion-de-16-y-mas-anos-segun-estado-de-salud-mental-y-relacion-con-la-actividad-canarias-2021,Población de 16 y más años según estado de salud mental y relación con la actividad. Canarias. 2021
145,74||a04027063-indice-de-precios-en-alojamientos-de-turismo-rural-segun-tarifa-illes-balears-y-mes,74,precio,94,a04027063-indice-de-precios-en-alojamientos-de-turismo-rural-segun-tarifa-illes-balears-y-mes,Índex de preus en allotjaments de turisme rural segons tarifa. Illes Balears i mes
146,26||a05003423-accidentes-de-trabajo-con-baja-segun-sectores-economicos-y-lugares-del-accidente-canarias-y-anos,26,accidentes,4,a05003423-accidentes-de-trabajo-con-baja-segun-sectores-economicos-y-lugares-del-accidente-canarias-y-anos,Accidentes de trabajo con baja según sectores económicos y lugares del accidente. Canarias. 1988-2008
147,48||l03380011-intensidad-media-diaria-imd-de-trafico-de-tenerife,48,carreteras,48,l03380011-intensidad-media-diaria-imd-de-trafico-de-tenerife,Intensidad Media Diaria (IMD) de tráfico de Tenerife
148,72||a06004074-juegos-de-azar,72,faros,34,a06004074-juegos-de-azar,Juegos de azar
149,103||servicios-cultura,103,bienes de interes cultural,84,servicios-cultura,Equipamientos culturales
150,142||u01200001-estudiantes-matriculados-por-nacionalidad-grado-2020-2021,142,estudiantes,85,u01200001-estudiantes-matriculados-por-nacionalidad-grado-2020-2021,Estudiantes matriculados por nacionalidad grado 2020-2021
151,80||servicios-deporte,80,deporte,93,servicios-deporte,Equipamientos deportivos
152,133||bibliotecas-publicas-de-la-c-a-de-eukadi-segun-territorio-historico,133,bibliotecas,22,bibliotecas-publicas-de-la-c-a-de-eukadi-segun-territorio-historico,Bibliotecas públicas de la C.A. de Eukadi según territorio histórico.
153,64||a04003003-zonas-interes-minero1,64,farmacias,67,a04003003-zonas-interes-minero1,Zonas interes minero
154,6||turismo-casas-rurales,6,turismo,68,turismo-casas-rurales,Casas rurales turísticas
155,133||l01280796-bibliotecas-especializadas-prestamos-activos1,133,bibliotecas,24,l01280796-bibliotecas-especializadas-prestamos-activos1,Bibliotecas Especializadas. Préstamos activos
156,113||ea0042931-mercado-minorista-de-electricidad-2021t4,113,electricidad,35,ea0042931-mercado-minorista-de-electricidad-2021t4,Mercado minorista de electricidad 2021T4
157,64||a05003423-poblacion-total-segun-tipos-de-medicamentos-consumo-de-medicamentos-y-automedicacion-en-las-ultimas-2-semanas-canarias-2004,64,farmacias,48,a05003423-poblacion-total-segun-tipos-de-medicamentos-consumo-de-medicamentos-y-automedicacion-en-las-ultimas-2-semanas-canarias-2004,"Población total según tipos de medicamentos, consumo de medicamentos y automedicación en las últimas 2 semanas. Canarias. 2004"
158,150||l01280148-subvenciones-convocatorias,150,ayudas,96,l01280148-subvenciones-convocatorias,Subvenciones. Convocatorias
159,104||ea0010587-indices-nacionales-de-grupos-especiales-ipc-identificador-api-76130,104,ipc,11,ea0010587-indices-nacionales-de-grupos-especiales-ipc-identificador-api-76130,Índices nacionales de grupos especiales. IPC (Identificador API: 76130)
160,90||a06004074-directorio-central-de-empresas-dirce,90,restaurantes,75,a06004074-directorio-central-de-empresas-dirce,Directorio Central de Empresas (DIRCE)
161,10||l01330045-poblacion-total,10,poblacion,50,l01330045-poblacion-total,Población Total
162,112||l01080193-dimensiones-de-los-conjuntos-de-datos-del-padron-municipal-de-habitantes-de-la-ciudad-de-barcelona,112,barrios,53,l01080193-dimensiones-de-los-conjuntos-de-datos-del-padron-municipal-de-habitantes-de-la-ciudad-de-barcelona,Dimensiones de los conjuntos de datos del Padrón Municipal de habitantes de la ciudad de Barcelona
163,102||l01140207-gestion-de-residuos-epremasa1,102,renfe,114,l01140207-gestion-de-residuos-epremasa1,Gestión de residuos EPREMASA
164,48||a17002943-vehiculos-para-transporte-de-ganado1,48,carreteras,75,a17002943-vehiculos-para-transporte-de-ganado1,Vehículos para transporte de ganado
165,102||ea0003337-puntos-de-venta-internacionales1,102,renfe,2,ea0003337-puntos-de-venta-internacionales1,Puntos de Venta Internacionales
166,18||l01280066-reservas-de-estacionamiento-para-personas-con-movilidad-reducida,18,trafico,83,l01280066-reservas-de-estacionamiento-para-personas-con-movilidad-reducida,Reservas de estacionamiento para personas con movilidad reducida
167,150||a05003423-poblacion-de-6-y-mas-anos-con-limitacion-de-la-actividad-diaria-que-necesita-ayuda-o-cuidados-de-otras-personas-segun-recepcion-de-la-ayuda-necesitada-grandes-comarcas-de-canarias-2018,150,ayudas,12,a05003423-poblacion-de-6-y-mas-anos-con-limitacion-de-la-actividad-diaria-que-necesita-ayuda-o-cuidados-de-otras-personas-segun-recepcion-de-la-ayuda-necesitada-grandes-comarcas-de-canarias-2018,Población de 6 y más años con limitación de la actividad diaria que necesita ayuda o cuidados de otras personas según recepción de la ayuda necesitada. Grandes comarcas de Canarias. 2018
168,16||l01140575-consumo-de-agua1,16,agua,89,l01140575-consumo-de-agua1,Consumo de agua
169,116||turismo-activo,116,cultura,115,turismo-activo,Turismo Activo
170,76||a08002880-residencias-comunitarias-incluidas-en-la-red-de-salud-mental-de-castilla-la-mancha,76,salud mental,3,a08002880-residencias-comunitarias-incluidas-en-la-red-de-salud-mental-de-castilla-la-mancha,Residencias comunitarias incluidas en la Red de Salud Mental de Castilla-La Mancha
171,135||a19002898-tramitacion,135,justicia,66,a19002898-tramitacion,Tramitación
172,31||a05003423-clasificacion-de-los-principales-factores-de-clima-empresarial-istac-cl_encuestas_factores_clima_empresarial,31,clima,7,a05003423-clasificacion-de-los-principales-factores-de-clima-empresarial-istac-cl_encuestas_factores_clima_empresarial,Clasificación de los principales factores de clima empresarial (ISTAC: CL_ENCUESTAS_FACTORES_CLIMA_EMPRESARIAL)
173,19||presupuesto-ingresos-2018,19,presupuestos,93,presupuesto-ingresos-2018,Presupuesto ingresos 2018
174,10||l01140608-poblacion1,10,poblacion,80,l01140608-poblacion1,Población
175,127||registro-de-fundaciones-de-la-comunidad-autonoma-de-la-region-de-murcia,127,fundaciones,4,registro-de-fundaciones-de-la-comunidad-autonoma-de-la-region-de-murcia,Registro de Fundaciones de la Comunidad Autónoma de la Región de Murcia
176,126||praias-galegas-con-bandeira-azul-2019,126,banderas azules,4,praias-galegas-con-bandeira-azul-2019,Playas gallegas con bandera azul en 2019
177,150||l01280148-subvenciones-2024,150,ayudas,91,l01280148-subvenciones-2024,Subvenciones 2024
178,5||a05003423-poblacion-de-16-y-mas-anos-en-viviendas-familiares-no-ocupada-que-cursa-estudios-y-no-estudia-en-su-domicilio-ni-en-varios-municipios-segun-medios-de-desplazamiento-sexos-y-numero-de-viajes-municipios-por-islas-1-11-2001,5,municipios,48,a05003423-poblacion-de-16-y-mas-anos-en-viviendas-familiares-no-ocupada-que-cursa-estudios-y-no-estudia-en-su-domicilio-ni-en-varios-municipios-segun-medios-de-desplazamiento-sexos-y-numero-de-viajes-municipios-por-islas-1-11-2001,"Población de 16 y más años en viviendas familiares no ocupada que cursa estudios y no estudia en su domicilio ni en varios municipios, según medios de desplazamiento, sexos y número de viajes. Municipios por islas de Canarias. 1/11/2001"
179,131||a04003003-caudal-agua-depurada-abaqua1,131,playas,97,a04003003-caudal-agua-depurada-abaqua1,Caudal Agua Depurada ABAQUA
180,84||l01280148-eso-centros-concertados-unidades-2010-20171,84,cnae,82,l01280148-eso-centros-concertados-unidades-2010-20171,ESO. Centros Concertados. Unidades. 2010-2017
181,17||coches-de-alquiler,17,alquiler,18,coches-de-alquiler,Coches de Alquiler
182,83||organizaciones-empresariales,83,cooperativas,12,organizaciones-empresariales,Organizaciones empresariales
183,98||a04003003-equipamiento-sanitario,98,centros de salud,90,a04003003-equipamiento-sanitario,Equipamiento sanitario
184,1||a06004074-poblacion-reclusa,1,aulas hospitalarias andalucia,138,a06004074-poblacion-reclusa,Población reclusa
185,48||l01080193-inventario-de-los-separadores-de-carriles-bici-de-la-red-de-infraestructuras-de-la-ciudad-de-barcelona,48,carreteras,80,l01080193-inventario-de-los-separadores-de-carriles-bici-de-la-red-de-infraestructuras-de-la-ciudad-de-barcelona,Inventario de los separadores de carriles bici de la red de infraestructuras de la ciudad de Barcelona
186,95||i00000687-contratos-por-procedimiento-con-negociado-con-publicidad1,95,ventas,131,i00000687-contratos-por-procedimiento-con-negociado-con-publicidad1,Contratos por procedimiento con negociado con publicidad
187,25||a01002820-centros-educativos-bilingues-en-andalucia,25,centros educativos,16,a01002820-centros-educativos-bilingues-en-andalucia,Centros educativos bilingües en Andalucía
188,54||l01140288-gestion-de-residuos-epremasa1,54,residuos,108,l01140288-gestion-de-residuos-epremasa1,Gestión de residuos EPREMASA
189,4||registro_sociedades_laborales,4,empresas,66,registro_sociedades_laborales,Registro Administrativo de Sociedades Laborales
190,118||a05003423-poblacion-de-16-y-mas-anos-que-ha-sido-atendida-en-un-hospital-de-dia-en-los-ultimos-12-meses-segun-calidad-de-la-atencion-recibida-en-los-hospitales-de-dia-publicos-o-concertados-y-grupos-de-edad-canarias-2021,118,hospitales,5,a05003423-poblacion-de-16-y-mas-anos-que-ha-sido-atendida-en-un-hospital-de-dia-en-los-ultimos-12-meses-segun-calidad-de-la-atencion-recibida-en-los-hospitales-de-dia-publicos-o-concertados-y-grupos-de-edad-canarias-2021,Población de 16 y más años que ha sido atendida en un hospital de día en los últimos 12 meses según calidad de la atención recibida en los hospitales de día públicos o concertados y grupos de edad. Canarias. 2021
191,103||i00000687-bienes-e-inmuebles1,103,bienes de interes cultural,59,i00000687-bienes-e-inmuebles1,Bienes e Inmuebles
192,22||l01280148-registro-de-entrada-unidades-administrativas-2010,22,provincias,80,l01280148-registro-de-entrada-unidades-administrativas-2010,Registro de entrada. Unidades administrativas. 2010
193,38||a06004074-relieve,38,catastro,52,a06004074-relieve,Relieve
194,31||101017,31,clima,90,101017,Días de nieve por observatorios
195,41||l01030092-bajas-en-padron,41,aemet,55,l01030092-bajas-en-padron,Bajas en padrón
196,135||l01280148-bienestar-social-asesoria-juridica-edades-de-los-usuarios-atendidos-2016,135,justicia,60,l01280148-bienestar-social-asesoria-juridica-edades-de-los-usuarios-atendidos-2016,Bienestar Social: Asesoría Jurídica. Edades de los usuarios atendidos 2016
197,15||l01140410-flota-de-vehiculos-municipales1,15,vehiculos,75,l01140410-flota-de-vehiculos-municipales1,Flota de vehículos municipales
198,116||l02000006-centros-culturales-de-la-provincia-de-badajoz,116,cultura,77,l02000006-centros-culturales-de-la-provincia-de-badajoz,Centros Culturales
199,150||l01140410-subvenciones1,150,ayudas,61,l01140410-subvenciones1,Subvenciones
200,57||l01030092-altas-en-padron,57,festivos,110,l01030092-altas-en-padron,Altas en padrón
201,13||l01290672-relacion-alfabetica-de-calles,13,codigos postales,3,l01290672-relacion-alfabetica-de-calles,Relación alfabética de calles por código postal
202,73||ea0010587-hoteles-y-alojamientos-similares-grupo-551-cnae-2009-principales-empresas-por-desglose-de-la-cifra-de-negocios-segun-el-tipo-de-cliente-identificador-api-67509,73,hoteles,12,ea0010587-hoteles-y-alojamientos-similares-grupo-551-cnae-2009-principales-empresas-por-desglose-de-la-cifra-de-negocios-segun-el-tipo-de-cliente-identificador-api-67509,Hoteles y alojamientos similares (Grupo 551 CNAE-2009) (principales empresas): por desglose de la cifra de negocios según el tipo de cliente. (Identificador API: 67509)
203,42||l01140713-elecciones1,42,elecciones,69,l01140713-elecciones1,Elecciones
204,103||a04003003-equipamiento-educativo,103,bienes de interes cultural,122,a04003003-equipamiento-educativo,Equipamiento educativo
205,142||e05073401-estudiantes-y-profesores-extranjeros-resultados-nacionales-numero-de-estudiantes-extranjeros-en-el-sistema-universitario-espanol-sue-incluidos-los-provenientes-por-programas-de-movilidad-por-tipo-y-modalidad-de-la-universidad-pais-de-nacionalidad-sexo-y-tipo-de-estudiante,142,estudiantes,15,e05073401-estudiantes-y-profesores-extranjeros-resultados-nacionales-numero-de-estudiantes-extranjeros-en-el-sistema-universitario-espanol-sue-incluidos-los-provenientes-por-programas-de-movilidad-por-tipo-y-modalidad-de-la-universidad-pais-de-nacionalidad-sexo-y-tipo-de-estudiante,"Número de estudiantes extranjeros en el Sistema Universitario Español (SUE) incluidos los provenientes por programas de movilidad por tipo y modalidad de la universidad, país de nacionalidad, sexo y tipo de estudiante"
206,102||l01140713-gestion-de-residuos-epremasa1,102,renfe,110,l01140713-gestion-de-residuos-epremasa1,Gestión de residuos EPREMASA
207,39||ea0010587-motivo-por-el-que-considera-que-no-encuentra-empleo-por-sexo-poblacion-de-16-y-mas-anos-con-discapacidad-que-esta-buscando-empleo-identificador-api-51886,39,empleo,27,ea0010587-motivo-por-el-que-considera-que-no-encuentra-empleo-por-sexo-poblacion-de-16-y-mas-anos-con-discapacidad-que-esta-buscando-empleo-identificador-api-51886,Motivo por el que considera que no encuentra empleo por sexo. Población de 16 y más años con discapacidad que está buscando empleo. (Identificador API: 51886)
208,125||familias-por-decil-de-renta-familiar-de-la-c-a-de-euskadi-segun-territorio-historico-y-sexo-de-la-persona-perceptora-principal,125,renta,42,familias-por-decil-de-renta-familiar-de-la-c-a-de-euskadi-segun-territorio-historico-y-sexo-de-la-persona-perceptora-principal,"Familias por decil de renta familiar de la C.A. de Euskadi, según territorio histórico y sexo de la persona perceptora principal (%)."
209,104||incidencias_via_publica_resueltas,104,ipc,116,incidencias_via_publica_resueltas,Incidencias en via pública resueltas
210,98||u01600001-listado-de-centros,98,centros de salud,124,u01600001-listado-de-centros,Listado de centros
211,127||a03002951-registro-fundaciones-docentes-culturales-asturias,127,fundaciones,3,a03002951-registro-fundaciones-docentes-culturales-asturias,Registro de fundaciones docentes y culturales del Principado de Asturias
212,46||oai-zaguan-unizar-es-95026,46,calidad del aire,78,oai-zaguan-unizar-es-95026,"Zaragoza, Historic air quality sensor raw observations (2019-12)"
213,95||l01280148-contratos-menores-2023,95,ventas,115,l01280148-contratos-menores-2023,Contratos Menores 2023
214,57||a02002834-calendario-de-festivos-en-comunidad-de-aragon-20141,57,festivos,22,a02002834-calendario-de-festivos-en-comunidad-de-aragon-20141,Calendario de festivos en comunidad de Aragón 2014
215,91||a05003423-conceptos-operacionales-de-la-estadistica-de-calidad-del-aire-en-canarias-istac-cso_e23041b,91,contaminacion,14,a05003423-conceptos-operacionales-de-la-estadistica-de-calidad-del-aire-en-canarias-istac-cso_e23041b,Conceptos operacionales de la Estadística de Calidad del Aire en Canarias (ISTAC: CSO_E23041B)
216,42||a05003423-resultados-de-elecciones-municipales-segun-candidaturas-canarias-hasta-escala-de-secciones-electorales-elecciones-de-22-de-mayo-de-2011,42,elecciones,43,a05003423-resultados-de-elecciones-municipales-segun-candidaturas-canarias-hasta-escala-de-secciones-electorales-elecciones-de-22-de-mayo-de-2011,Resultados de elecciones Municipales según candidaturas. Canarias hasta escala de secciones electorales. Elecciones de 22 de mayo de 2011
217,63||ea0010587-agenda-2030-ods-tasa-de-crecimiento-del-pib-generado-por-el-turismo-identificador-api-180-8,63,pib,4,ea0010587-agenda-2030-ods-tasa-de-crecimiento-del-pib-generado-por-el-turismo-identificador-api-180-8,Agenda 2030 ODS - Tasa de crecimiento del PIB generado por el turismo (Identificador API: 180:8)
218,141||l01080193-inventario-de-estacionamientos-reservados-de-la-red-de-infraestructuras-de-la-ciudad-de-barcelona1,141,curvas de nivel,86,l01080193-inventario-de-estacionamientos-reservados-de-la-red-de-infraestructuras-de-la-ciudad-de-barcelona1,Inventario de estacionamientos reservados de la red de infraestructuras de la ciudad de Barcelona
219,80||l01280148-abonos-deportivos-3-trimestre-2017,80,deporte,90,l01280148-abonos-deportivos-3-trimestre-2017,Abonos Deportivos. 3º Trimestre 2017
220,94||u01200001-estudiantes-matriculados-grado-2023-2024,94,colegios,99,u01200001-estudiantes-matriculados-grado-2023-2024,Estudiantes matriculados Grado 2023/2024
221,58||ea0010587-delitos-segun-sexo-cona-identificador-api-26022,58,delitos,21,ea0010587-delitos-segun-sexo-cona-identificador-api-26022,Delitos según sexo. CONA (Identificador API: 26022)
222,47||l01280148-callejero-coordenadas-calles,47,callejero,3,l01280148-callejero-coordenadas-calles,Callejero. Coordenadas calles
223,141||l03380010-zona-de-flujo-preferente-0006,141,curvas de nivel,141,l03380010-zona-de-flujo-preferente-0006,ZONA DE FLUJO PREFERENTE 0006
224,59||l01140364-adjudicatarios-de-obras1,59,licitaciones,59,l01140364-adjudicatarios-de-obras1,Adjudicatarios de obras
225,83||registro_cooperativas,83,cooperativas,7,registro_cooperativas,Registro de Cooperativas
226,104||a05003423-uso-de-ordenador-en-los-ultimos-3-meses-segun-frecuencias-de-uso-por-islas-de-canarias-2010,104,ipc,68,a05003423-uso-de-ordenador-en-los-ultimos-3-meses-segun-frecuencias-de-uso-por-islas-de-canarias-2010,Uso de ordenador en los últimos 3 meses según frecuencias de uso por islas de Canarias. 2010
227,39||a05003423-personal-de-la-empresa-ocupacion-y-formacion-en-tic-segun-agrupaciones-de-actividad-cnae-93-en-canarias-20061,39,empleo,99,a05003423-personal-de-la-empresa-ocupacion-y-formacion-en-tic-segun-agrupaciones-de-actividad-cnae-93-en-canarias-20061,Personal de la empresa: Ocupación y formación en TIC según agrupaciones de actividad (CNAE-93) en Canarias. 2006
228,90||l01080193-listado-de-equipamientos-de-restaurantes-de-la-ciudad-de-barcelona,90,restaurantes,7,l01080193-listado-de-equipamientos-de-restaurantes-de-la-ciudad-de-barcelona,Listado de equipamientos de restaurantes de la ciudad de Barcelona
229,68||l02000020-variaciones-en-el-padron-municipal-de-habitantes-del-ayuntamiento-de-mendaro-ayuntamiento-de-mendaro,68,ayuntamientos,30,l02000020-variaciones-en-el-padron-municipal-de-habitantes-del-ayuntamiento-de-mendaro-ayuntamiento-de-mendaro,Variaciones en el Padrón Municipal de Habitantes del Ayuntamiento de Mendaro - Ayuntamiento de Mendaro
230,24||u01600001-tesis-dirigidas-en-la-uc,24,universidades,72,u01600001-tesis-dirigidas-en-la-uc,Tesis dirigidas en la UC
231,86||ea0010587-aprovechamiento-de-las-tierras-labradas-en-regadio-identificador-api-t01-p044-a2016-ccaa05-l0-0105-px,86,agricultura,114,ea0010587-aprovechamiento-de-las-tierras-labradas-en-regadio-identificador-api-t01-p044-a2016-ccaa05-l0-0105-px,Aprovechamiento de las tierras labradas en regadío (Identificador API: /t01/p044/a2016/ccaa05/l0/0105.px)
232,80||l01280148-cursillos-deportivos-1-trimestre-20181,80,deporte,76,l01280148-cursillos-deportivos-1-trimestre-20181,Cursillos Deportivos. 1º Trimestre 2018
233,42||a05003423-resultados-de-elecciones-al-senado-segun-candidaturas-canarias-hasta-escala-de-municipios-elecciones-de-9-de-marzo-de-2008,42,elecciones,19,a05003423-resultados-de-elecciones-al-senado-segun-candidaturas-canarias-hasta-escala-de-municipios-elecciones-de-9-de-marzo-de-2008,Resultados de elecciones al Senado según candidaturas. Canarias hasta escala de municipios. Elecciones de 9 de marzo de 2008
234,109||ea0010587-defunciones-por-causas-lista-reducida-sexo-y-nacionalidad-ecm-identificador-api-t15-p417-a2007-l0-01002b-px,109,defunciones,124,ea0010587-defunciones-por-causas-lista-reducida-sexo-y-nacionalidad-ecm-identificador-api-t15-p417-a2007-l0-01002b-px,"Defunciones por causas (lista reducida), sexo y nacionalidad. ECM (Identificador API: /t15/p417/a2007/l0/01002b.px)"
235,1||institutos-lorca,1,aulas hospitalarias andalucia,120,institutos-lorca,Institutos de secundaria
236,121||a06004074-registro-central-de-personal,121,matriculaciones,37,a06004074-registro-central-de-personal,Registro central de personal
237,140||l01080193-inventario-de-las-especies-de-arbolado-del-atlas-de-la-biodiversidad-de-la-ciudad-de-barcelona,140,cartografia,31,l01080193-inventario-de-las-especies-de-arbolado-del-atlas-de-la-biodiversidad-de-la-ciudad-de-barcelona,Inventario de las especies de arbolado del Atlas de la Biodiversidad de la ciudad de Barcelona
238,108||a05003423-conceptos-de-medida-de-la-estadistica-de-encuesta-sobre-el-gasto-turistico-de-canarias-istac-csm_c00028a,108,censo,77,a05003423-conceptos-de-medida-de-la-estadistica-de-encuesta-sobre-el-gasto-turistico-de-canarias-istac-csm_c00028a,Conceptos de medida de la Estadística de Encuesta sobre el Gasto Turístico de Canarias (ISTAC: CSM_C00028A)
239,22||datos-de-entidades-menores,22,provincias,66,datos-de-entidades-menores,Datos de Entidades Menores en administraciones locales de Aragón
240,10||l02000014-poblacion-por-unidad-poblacional1,10,poblacion,45,l02000014-poblacion-por-unidad-poblacional1,Población por unidad poblacional
241,111||101018,111,precipitacion,62,101018,Días de granizo por observatorios
242,22||ea0042931-tabla-15-consumos-por-provincias-y-segmento-de-mercado-por-provincia-y-ultimo-ano,22,provincias,10,ea0042931-tabla-15-consumos-por-provincias-y-segmento-de-mercado-por-provincia-y-ultimo-ano,Tabla 15. Consumos por provincias y segmento de mercado. Por provincia y último año
243,1||ea0010587-altas-hospitalarias-y-estancias-causadas-segun-el-sexo-y-el-diagnostico-principal-identificador-api-74875,1,aulas hospitalarias andalucia,12,ea0010587-altas-hospitalarias-y-estancias-causadas-segun-el-sexo-y-el-diagnostico-principal-identificador-api-74875,Altas hospitalarias y estancias causadas según el sexo y el diagnóstico principal. (Identificador API: 74875)
244,126||l01290672-zona-de-bajas-emisiones-cabinas,126,banderas azules,40,l01290672-zona-de-bajas-emisiones-cabinas,Zona de bajas emisiones: cabinas
245,66||consumo-semanal-de-las-familias-de-la-c-a-de-euskadi-y-proporcion-de-familias-consumidoras-en-el-mes-por-tamano-de-familia-y-tipo-de-producto,66,consumo,26,consumo-semanal-de-las-familias-de-la-c-a-de-euskadi-y-proporcion-de-familias-consumidoras-en-el-mes-por-tamano-de-familia-y-tipo-de-producto,Consumo semanal de las familias de la C.A. de Euskadi y proporción de familias consumidoras (en el mes) por tamaño de familia y tipo de producto.
246,150||l01140023-subvenciones1,150,ayudas,68,l01140023-subvenciones1,Subvenciones
247,121||u01200001-estudiantes-matriculados-por-nacionalidad-master-2023-2024,121,matriculaciones,103,u01200001-estudiantes-matriculados-por-nacionalidad-master-2023-2024,Estudiantes matriculados por nacionalidad máster 2023-2024
248,101||estadistica-de-contratos-menores-por-ejercicio,101,contratos,32,estadistica-de-contratos-menores-por-ejercicio,Estadística de contratos menores por ejercicio
249,65||l01280148-registro-entrada-n-registros-fecha-1-trimestre-2024,65,calendario,91,l01280148-registro-entrada-n-registros-fecha-1-trimestre-2024,Registro entrada. Nº registros / fecha. 1º Trimestre 2024
250,105||a05003423-altas-de-fondos-en-bibliotecas-islas-de-canarias-y-anos,105,libros,75,a05003423-altas-de-fondos-en-bibliotecas-islas-de-canarias-y-anos,Altas de fondos en bibliotecas. Islas de Canarias. 2006-2018
251,71||602033,71,covid,126,602033,Abortos voluntarios por motivo de la interrupción
252,141||a07002862-incidencias-en-la-red-de-carreteras-titularidad-de-la-junta-de-castilla-y-leon1,141,curvas de nivel,73,a07002862-incidencias-en-la-red-de-carreteras-titularidad-de-la-junta-de-castilla-y-leon1,Incidencias en la red de carreteras titularidad de la Junta de Castilla y León
253,68||l01080193-tipologias-de-las-placas-fotovoltaicas-municipales-en-la-ciudad-de-barcelona,68,ayuntamientos,91,l01080193-tipologias-de-las-placas-fotovoltaicas-municipales-en-la-ciudad-de-barcelona,Tipologías de las placas fotovoltaicas municipales en la ciudad de Barcelona
254,49||a05003423-accidentes-de-trabajo-con-baja-en-jornada-de-trabajo-segun-tipos-de-contrato-y-sexos-canarias-y-anos,49,calendario laboral,59,a05003423-accidentes-de-trabajo-con-baja-en-jornada-de-trabajo-segun-tipos-de-contrato-y-sexos-canarias-y-anos,Accidentes de trabajo con baja en jornada de trabajo según tipos de contrato y sexos. Canarias. 1988-2008
255,131||l01140305-zonas-ajardinadas,131,playas,113,l01140305-zonas-ajardinadas,Zonas ajardinadas
256,95||l01140425-mercados-municipales,95,ventas,53,l01140425-mercados-municipales,Mercados municipales
257,76||a05003423-poblacion-de-16-y-mas-anos-segun-estado-de-salud-mental-y-clases-sociales-basadas-en-la-ocupacion-de-la-persona-de-referencia-canarias-2021,76,salud mental,33,a05003423-poblacion-de-16-y-mas-anos-segun-estado-de-salud-mental-y-clases-sociales-basadas-en-la-ocupacion-de-la-persona-de-referencia-canarias-2021,Población de 16 y más años según estado de salud mental y clases sociales basadas en la ocupación de la persona de referencia. Canarias. 2021
258,57||calendario-de-festivos-en-comunidad-de-aragon-2025,57,festivos,6,calendario-de-festivos-en-comunidad-de-aragon-2025,Calendario de festivos en comunidad de Aragón 2025
259,105||a01002820-publicaciones-de-la-junta-de-andalucia,105,libros,49,a01002820-publicaciones-de-la-junta-de-andalucia,Publicaciones de la Junta de Andalucía
260,35||l01280148-relacion-subvenciones-asociaciones-2011,35,asociaciones,47,l01280148-relacion-subvenciones-asociaciones-2011,Relación subvenciones asociaciones. 2011
261,139||l01380380-instalaciones-culturales1,139,arqueologia,31,l01380380-instalaciones-culturales1,Instalaciones culturales
262,31||l01080193-red-de-refugios-climaticos-en-la-ciudad-de-barcelona,31,clima,23,l01080193-red-de-refugios-climaticos-en-la-ciudad-de-barcelona,Red de refugios climáticos en la ciudad de Barcelona
263,114||l01080193-tipologia-del-parque-de-vehiculos-de-la-ciudad-de-barcelona,114,movilidad,74,l01080193-tipologia-del-parque-de-vehiculos-de-la-ciudad-de-barcelona,Padrón de vehículos. Tipología del parque de vehículos de la ciudad de Barcelona
264,13||l01140235-gestion-de-residuos-epremasa1,13,codigos postales,127,l01140235-gestion-de-residuos-epremasa1,Gestión de residuos EPREMASA
265,68||l01280148-secciones-censales-del-municipio,68,ayuntamientos,101,l01280148-secciones-censales-del-municipio,Secciones censales del municipio
266,90||cafeterias-y-restaurantes-en-la-comunidad-autonoma-de-aragon,90,restaurantes,14,cafeterias-y-restaurantes-en-la-comunidad-autonoma-de-aragon,Cafeterías y restaurantes en la Comunidad Autónoma de Aragón
267,45||a04003003-punto-de-recarga-de-vehiculos-electricos1,45,incendios,94,a04003003-punto-de-recarga-de-vehiculos-electricos1,Punto de recarga de vehículos eléctricos
268,71||a04003003-datos-covid-19-vacunaciones-dosis-adicionales-illes-balears1,71,covid,102,a04003003-datos-covid-19-vacunaciones-dosis-adicionales-illes-balears1,Datos COVID-19 Vacunaciones Dosis Adicionales Illes Balears
269,136||l01360577-museos-de-vigo,136,museos,12,l01360577-museos-de-vigo,Museos de Vigo
270,53||l02000008-equipamientos-deportivos-locales,53,futbol,64,l02000008-equipamientos-deportivos-locales,Equipamientos deportivos locales
271,116||asociaciones-culturales,116,cultura,59,asociaciones-culturales,Asociaciones culturales y tradiciones populares
272,89||801195,89,cancer,62,801195,Locales..Abstención
273,38||l01280148-catastro-urbano-1988,38,catastro,4,l01280148-catastro-urbano-1988,Planos Catastro Parcelario Urbano. 1988
274,1||ea0010587-altas-hospitalarias-segun-el-sexo-el-diagnostico-principal-la-provincia-comunidad-y-ciudad-autonoma-de-hospitalizacion-identificador-api-49025,1,aulas hospitalarias andalucia,47,ea0010587-altas-hospitalarias-segun-el-sexo-el-diagnostico-principal-la-provincia-comunidad-y-ciudad-autonoma-de-hospitalizacion-identificador-api-49025,"Altas hospitalarias según el sexo, el diagnóstico principal, la provincia, Comunidad y Ciudad autónoma de hospitalización. (Identificador API: 49025)"
275,55||l01081691-calendaris-de-dies-festius,55,dgt,76,l01081691-calendaris-de-dies-festius,Calendaris de dies Festius
276,54||residuos_peligrosos_tratamiento,54,residuos,92,residuos_peligrosos_tratamiento,Tratamiento de residuos peligrosos
277,102||l01140431-gestion-de-residuos-epremasa1,102,renfe,116,l01140431-gestion-de-residuos-epremasa1,Gestión de residuos EPREMASA
278,25||educa-colegios,25,centros educativos,62,educa-colegios,Centros de Educación Infantil y Primaria (Públicos)
279,73||turismo-casas-rurales,73,hoteles,83,turismo-casas-rurales,Casas rurales turísticas
280,3||a05003423-hogares-segun-deficiencias-de-la-vivienda-y-tipos-de-viviendas-canarias-2007,3,vivienda,78,a05003423-hogares-segun-deficiencias-de-la-vivienda-y-tipos-de-viviendas-canarias-2007,Hogares según deficiencias de la vivienda y tipos de viviendas. Canarias. 2007.
281,18||l01280148-parque-vehiculos-automoviles-2013-2015-evolucion,18,trafico,49,l01280148-parque-vehiculos-automoviles-2013-2015-evolucion,Parque vehículos-automóviles. 2013-2015. Evolución
282,102||l01280066-servicios-de-autobus1,102,renfe,66,l01280066-servicios-de-autobus1,Servicios de autobús
283,126||l01080193-tipologias-de-las-placas-fotovoltaicas-municipales-en-la-ciudad-de-barcelona,126,banderas azules,53,l01080193-tipologias-de-las-placas-fotovoltaicas-municipales-en-la-ciudad-de-barcelona,Tipologías de las placas fotovoltaicas municipales en la ciudad de Barcelona
284,139||museos-en-la-region-de-murcia,139,arqueologia,32,museos-en-la-region-de-murcia,Museos en la Región de Murcia
285,25||l03380010-centros-de-educacion,25,centros educativos,63,l03380010-centros-de-educacion,centros de educacion
286,66||consumo-anual-de-las-familias-de-la-c-a-de-euskadi-y-proporcion-de-familias-consumidoras-por-edad-del-sustentador-principal-y-grupo-de-productos,66,consumo,27,consumo-anual-de-las-familias-de-la-c-a-de-euskadi-y-proporcion-de-familias-consumidoras-por-edad-del-sustentador-principal-y-grupo-de-productos,Consumo anual de las familias de la C.A. de Euskadi y proporción de familias consumidoras por edad del sustentador principal y grupo de productos.
287,123||l01080193-padro-de-vehiculos-evolucion-del-parque-de-vehiculos-de-la-ciutat-de-barcelona,123,dana,43,l01080193-padro-de-vehiculos-evolucion-del-parque-de-vehiculos-de-la-ciutat-de-barcelona,Padró de vehículos. Evolución del parque de vehículos de la ciutat de Barcelona
288,29||ea0001302-estacion-meteorologica-adossat,29,temperatura,36,ea0001302-estacion-meteorologica-adossat,Estación meteorológica Adossat
289,42||l01140253-elecciones1,42,elecciones,62,l01140253-elecciones1,Elecciones
290,140||l01080193-valores-catastrales-de-los-cargos-de-la-ciudad-de-barcelona,140,cartografia,29,l01080193-valores-catastrales-de-los-cargos-de-la-ciudad-de-barcelona,Valores catastrales de los cargos de la ciudad de Barcelona
291,16||l01030092-bajas-en-padron,16,agua,130,l01030092-bajas-en-padron,Bajas en padrón
292,114||a17002943-transportistas-de-ganado1,114,movilidad,77,a17002943-transportistas-de-ganado1,Transportistas de ganado
293,37||a07002862-consumos-horarios-de-electricidad-de-los-hospitales-de-castilla-y-leon1,37,energia,15,a07002862-consumos-horarios-de-electricidad-de-los-hospitales-de-castilla-y-leon1,Consumos horarios de electricidad de los hospitales de Castilla y León
294,63||l01080193-inventario-de-los-bancos-publicos-de-la-red-de-infraestructuras-de-la-ciudad-de-barcelona,63,pib,51,l01080193-inventario-de-los-bancos-publicos-de-la-red-de-infraestructuras-de-la-ciudad-de-barcelona,Inventario de los bancos públicos de la red de infraestructuras de la ciudad de Barcelona
295,92||l01140636-gestion-de-residuos-epremasa1,92,gasolineras,82,l01140636-gestion-de-residuos-epremasa1,Gestión de residuos EPREMASA
296,62||a04003003-actuaciones-gestion-saneamiento-depuracion-programa-medidas-abaqua1,62,embalses,69,a04003003-actuaciones-gestion-saneamiento-depuracion-programa-medidas-abaqua1,Actuaciones Gestión Saneamiento Depuración Programa Medidas ABAQUA
297,51||l01280148-paro-registrado-2025,51,paro,9,l01280148-paro-registrado-2025,Paro registrado 2025
298,5||l01140478-mercados-municipales,5,municipios,71,l01140478-mercados-municipales,Mercados municipales
299,148||a17002943-capturas-de-pesca-temporada-20151,148,pesca,61,a17002943-capturas-de-pesca-temporada-20151,Capturas de pesca temporada 2015
